,,Item Classification,,,,Attribute Classification,,,,,,Connection with Alliance companies validation items,,,Structure of Evaluation item (Japanese),,,,,,,,,,Structure of Evaluation item (English),,,,,,,,,,Application,,,Deployment,,,,,,,,Achievement,,,,,,,,Digital Phase Evaluation,,,,,,,,,,,,,,,,,,,,Physical Phase Confirmation,,,,,,,,,,,,,,,,,Physical Phase Evaluation,,,,,,,,,,,,,,,,,,,,,,,,,,,,,,,,,,,,,Market,USA,USA,USA,CANADA,CANADA,CANADA,,,,,,,,,,,,,,,,,,,,,,,,,,,,,,,,,,,,,,,,,,,,,
,,,,,,,,,,,,,,,Performance Targets,,Vehicle Targets,,,Component Targets,,,,,Performance Targets,,Vehicle Targets,,,Component Targets,,,,,Development pattern,,,Section name,,Person in charge,,,,,,Section name,,Person in charge,,,,,,Digital,,,,,,,,,,,,,,,,,,,,Physical Confirmation,,,,,,,,,,,,,,,,,Physical,,,,,,,,,,,,,,,,,,,,,,,,,,,,,,,,,,,,,Engine,7DQ,7DQ,7DQ,7DQ,7DQ,7DQ,,,,,,,,,,,,,,,,,,,,,,,,,,,,,,,,,,,,,,,,,,,,,
,,,,,,,,,,,,,,,,,,,,,,,,,,,,,,,,,,,,,,,,,,,,,,,,,,,,,,Section name,,Person in charge,,,,DS,,,,,,,DC,,,,,,,Section name,,Person in charge,,,,PFC,,,,,,,,,,,Section name,,Person in charge,,,,VC,,,,,,,,,,PT1,,,,,,,,,,PT2,,,,,,,,,,,Gearbox,ATM (FOR EV),ATM (FOR EV),ATM (FOR EV),ATM (FOR EV),ATM (FOR EV),ATM (FOR EV),,,,,,,,,,,,,,,,,,,,,,,,,,,,,,,,,,,,,,,,,,,,,
,,,,,,,,,,,,,,,,,,,,,,,,,,,,,,,,,,,,,,,,,,,,,,,,,,,,,,,,,,,,,Evaluation result,,,,,,,Evaluation result,,,,,,,,,,,,,PLAN,,Evaluation result,,,,,,,,,,,,,,,PLAN,Evaluation result,,,,,,,,,PLAN,Evaluation result,,,,,,,,,PLAN,Evaluation result,,,,,,,,,Axle,2WD,AWD,AWD,2WD,AWD,AWD,,,,,,,,,,,,,,,,,,,,,,,,,,,,,,,,,,,,,,,,,,,,,
,,,,,,,,,,,,,,,,,,,,,,,,,,,,,,,,,,,,,,,,,,,,,,,,,,,,,,,,,,,,,First time,,,,Counter Measures,,,First time,,,,Counter Measures,,,,,,,,,,,First time,,,,,Counter Measures,,,,,,,,,,,First time,,,,,Counter Measures,,,,,First time,,,,,Counter Measures,,,,,First time,,,,,Counter Measures,,,,Handle,LHD,LHD,LHD,LHD,LHD,LHD,,,,,,,,,,,,,,,,,,,,,,,,,,,,,,,,,,,,,,,,,,,,,
Actions,CADICS No.,SNT,Regulations,PEP,Other,Good Design,Y0,Y0 No.,CAR recurrence prevention,Solution,Solution No.,Common Validation item,Procedure,Requirement,Step 1,Step 2,Step 1,Step 2,Step 3,Level 1,Level 2,Level 3,Level 4,Comment,Step 1,Step 2,Step 1,Step 2,Step 3,Level 1,Level 2,Level 3,Level 4,Comment,Digital evaluation,PF evaluation,Physical evaluation,KCA Project group,Team,Manager name,ID or Mail account,Name of person in charge,ID or Mail account,Target value,Comment,KCA Project group,Team,Manager name,ID or Mail account,Name of person in charge,ID or Mail account,Agreement of target,Comment,KCA Project group,Team,Manager name,ID or Mail account,Evaluation Responsible,ID or Mail account,Evaluate or not,Result(OK/NOK),Report No.,	Number of Q-BASE,Q-BASE number,Result(OK/NOK),Comment,Evaluate or not,Result(OK/NOK),Report No.,	Number of Q-BASE,Q-BASE number,Result(OK/NOK),Comment,KCA Project group,Team,Manager name,ID or Mail account,Evaluation Responsible,ID or Mail account,Evaluate or not,Confirmation first time date,Feedback timing,Result(OK/NOK),Confirmation completion date,Report No.,Number of Q-BASE,Q-BASE number,Result(OK/NOK),Confirmation completion date,Comment,KCA Project group,Team,Manager name,ID or Mail account,Evaluation Responsible,ID or Mail account,Evaluate or not,Confirmation first time date,Result(OK/NOK),Confirmation completion date,Report No.,Number of Q-BASE,Q-BASE number,Result(OK/NOK),Confirmation completion date,Comment,Evaluate or not,Confirmation first time date,Result(OK/NOK),Confirmation completion date,Report No.,Number of Q-BASE,Q-BASE number,Result(OK/NOK),Confirmation completion date,Comment,Evaluate or not,Confirmation first time date,Result(OK/NOK),Confirmation completion date,Report No.,Number of Q-BASE,Q-BASE number,Result(OK/NOK),Confirmation completion date,Comment,Common or unique applied validation,Lead Company,CONF-001,CONF-002,CONF-003,CONF-004,CONF-005,CONF-006,,,,,,,,,,,,,,,,,,,,,,,,,,,,,,,,,,,,,,,,,,,,,
,MSTR-009-0141100,,,,,,,,,,,,,,,,,,,,,,,,,,,,,,,,,,,,,,,,,,,,,,,,,,,,,,,,,,,,,,,,,,,,,,,,,,,,,,,,,,,,,,,,,,関連表1_A(コントロール)_XR2.xlsx,,,,,,YES,,,,,,,,,"handle: lhd, accel pedal kd(キックダウン): -",,,,,,,,,,,,,,,,,,,,,,,,,,1,*,*,,,,,,,,,,,,,,,,,,,,,,,,,,,,,,,,,,,,,,,,,,,,,
,MSTR-009-0141100_d0001,,,,,,,,,,,,,,,,,,,,,,,,,,,,,,,,,,,,,,,,,,,,,,,,,,,,,,,,,,,,,,,,,,,,,,,,,,,,,,,,,,,,,,,,,,関連表1_A(コントロール)_XR2.xlsx,,,,,,YES,,,,,,,,,"handle: lhd, accel pedal kd(キックダウン): -",,,,,,,,,,,,,,,,,,,,,,,1,*,*,,,,,,,,,,,,,,,,,,,,,,,,,,,,,,,,,,,,,,,,,,,,,,,,
,MSTR-009-0141200,,,,,,,,,,,,,,,,,,,,,,,,,,,,,,,,,,,,,,,,,,,,,,,,,,,,,,,,,,,,,,,,,,,,,,,,,,,,,,,,,,,,,,,,,,関連表1_A(コントロール)_XR2.xlsx,,,,,,YES,,,,,,,,,"handle: lhd, accel pedal kd(キックダウン): -",YES,,,,,,,,,"handle: lhd, accel pedal kd(キックダウン): -",,,,,,,,,,,,,,,,1,*,*,,,,,,,,,,,,,,,,,,,,,,,,,,,,,,,,,,,,,,,,,,,,,
,MSTR-009-0141200_d0001,,,,,,,,,,,,,,,,,,,,,,,,,,,,,,,,,,,,,,,,,,,,,,,,,,,,,,,,,,,,,,,,,,,,,,,,,,,,,,,,,,,,,,,,,,関連表1_A(コントロール)_XR2.xlsx,,,,,,YES,,,,,,,,,"handle: lhd, accel pedal kd(キックダウン): -",YES,,,,,,,,,"handle: lhd, accel pedal kd(キックダウン): -",,,,,,,,,,,,,1,*,*,,,,,,,,,,,,,,,,,,,,,,,,,,,,,,,,,,,,,,,,,,,,,,,,
,MSTR-009-0141300,,,,,,,,,,,,,,,,,,,,,,,,,,,,,,,,,,,,,,,,,,,,,,,,,,,,,,,,,,,,,,,,,,,,,,,,,,,,,,,,,,,,,,,,,,関連表1_A(コントロール)_XR2.xlsx,,,,,,YES,,,,,,,,,"handle: lhd, accel pedal kd(キックダウン): -",YES,,,,,,,,,"handle: lhd, accel pedal kd(キックダウン): -",,,,,,,,,,,,,,,,1,*,*,,,,,,,,,,,,,,,,,,,,,,,,,,,,,,,,,,,,,,,,,,,,,
,MSTR-009-0141300_d0001,,,,,,,,,,,,,,,,,,,,,,,,,,,,,,,,,,,,,,,,,,,,,,,,,,,,,,,,,,,,,,,,,,,,,,,,,,,,,,,,,,,,,,,,,,関連表1_A(コントロール)_XR2.xlsx,,,,,,YES,,,,,,,,,"handle: lhd, accel pedal kd(キックダウン): -",YES,,,,,,,,,"handle: lhd, accel pedal kd(キックダウン): -",,,,,,,,,,,,,1,*,*,,,,,,,,,,,,,,,,,,,,,,,,,,,,,,,,,,,,,,,,,,,,,,,,
,MSTR-009-0141400,,,,,,,,,,,,,,,,,,,,,,,,,,,,,,,,,,,,,,,,,,,,,,,,,,,,,,,,,,,,,,,,,,,,,,,,,,,,,,,,,,,,,,,,,,関連表1_A(コントロール)_XR2.xlsx,,,,,,YES,,,,,,,,,handle: lhd,,,,,,,,,,,,,,,,,,,,,,,,,,1,*,*,,,,,,,,,,,,,,,,,,,,,,,,,,,,,,,,,,,,,,,,,,,,,
,MSTR-009-0141400_d0001,,,,,,,,,,,,,,,,,,,,,,,,,,,,,,,,,,,,,,,,,,,,,,,,,,,,,,,,,,,,,,,,,,,,,,,,,関連表1_A(コントロール)_XR2.xlsx,,,,,,YES,,,,,,,,,,handle: lhd,,,,,,,,,,,,,,,,,,,,,,,,,,,,,,,,,,,,,,,,,1,,,,,,,,,,,,,,,,,,,,,,,,,,,,,,,,,,,,,,,,,,,,,,,,
,MSTR-009-0141400_d0002,,,,,,,,,,,,,,,,,,,,,,,,,,,,,,,,,,,,,,,,,,,,,,,,,,,,,,,,,,,,,,,,,,,,,,,,,,,,,,,,,,,,,,,,,,関連表1_A(コントロール)_XR2.xlsx,,,,,,YES,,,,,,,,,handle: lhd,,,,,,,,,,,,,,,,,,,,,,,1,*,*,,,,,,,,,,,,,,,,,,,,,,,,,,,,,,,,,,,,,,,,,,,,,,,,
,MSTR-009-0141500,,,,,,,,,,,,,,,,,,,,,,,,,,,,,,,,,,,,,,,,,,,,,,,,,,,,,,,,,,,,,,,,,,,,,,,,,関連表1_A(コントロール)_XR2.xlsx,,,,,,YES,,,,,,,,,,handle: lhd,,,,,,,,,,,,,,,,,,,,,,,,,,,,,,,,,,,,,,,,,1,,,,,,,,,,,,,,,,,,,,,,,,,,,,,,,,,,,,,,,,,,,,,,,,
,MSTR-009-0141500_d0001,,,,,,,,,,,,,,,,,,,,,,,,,,,,,,,,,,,,,,,,,,,,,,,,,,,,,,,,,,,,,,,,,,,,,,,,,,,,,,,,,,,,,,,,,,関連表1_A(コントロール)_XR2.xlsx,,,,,,YES,,,,,,,,,handle: lhd,YES,,,,,,,,,handle: lhd,,,,,,,,,,,,,,,,1,*,*,,,,,,,,,,,,,,,,,,,,,,,,,,,,,,,,,,,,,,,,,,,,,
,MSTR-009-0141500_d0002,,,,,,,,,,,,,,,,,,,,,,,,,,,,,,,,,,,,,,,,,,,,,,,,,,,,,,,,,,,,,,,,,,,,,,,,,,,,,,,,,,,,,,,,,,関連表1_A(コントロール)_XR2.xlsx,,,,,,YES,,,,,,,,,handle: lhd,YES,,,,,,,,,handle: lhd,,,,,,,,,,,,,1,*,*,,,,,,,,,,,,,,,,,,,,,,,,,,,,,,,,,,,,,,,,,,,,,,,,
,MSTR-009-0141600,,,,,,,,,,,,,,,,,,,,,,,,,,,,,,,,,,,,,,,,,,,,,,,,,,,,,,,,,,,,,,,,,,,,,,,,,,,,,,,,,,,,,,,,,,関連表1_A(コントロール)_XR2.xlsx,,,,,,YES,,,,,,,,,"handle: lhd, accel pedal kd(キックダウン): -",YES,,,,,,,,,"handle: lhd, accel pedal kd(キックダウン): -",,,,,,,,,,,,,,,,1,*,*,,,,,,,,,,,,,,,,,,,,,,,,,,,,,,,,,,,,,,,,,,,,,
,MSTR-009-0141600_d0001,,,,,,,,,,,,,,,,,,,,,,,,,,,,,,,,,,,,,,,,,,,,,,,,,,,,,,,,,,,,,,,,,,,,,,,,,関連表1_A(コントロール)_XR2.xlsx,,,,,,YES,,,,,,,,,,"handle: lhd, accel pedal kd(キックダウン): -",,,,,,,,,,,,,,,,,,,,,,,,,,,,,,,,,,,,,,,,,1,,,,,,,,,,,,,,,,,,,,,,,,,,,,,,,,,,,,,,,,,,,,,,,,
,MSTR-009-0141600_d0002,,,,,,,,,,,,,,,,,,,,,,,,,,,,,,,,,,,,,,,,,,,,,,,,,,,,,,,,,,,,,,,,,,,,,,,,,,,,,,,,,,,,,,,,,,関連表1_A(コントロール)_XR2.xlsx,,,,,,YES,,,,,,,,,"handle: lhd, accel pedal kd(キックダウン): -",YES,,,,,,,,,"handle: lhd, accel pedal kd(キックダウン): -",,,,,,,,,,,,,1,*,*,,,,,,,,,,,,,,,,,,,,,,,,,,,,,,,,,,,,,,,,,,,,,,,,
,MSTR-009-0141700,,,,,,,,,,,,,,,,,,,,,,,,,,,,,,,,,,,,,,,,,,,,,,,,,,,,,,,,,,,,,,,,,,,,,,,,,,,,,,,,,,,,,,,,,,関連表1_A(コントロール)_XR2.xlsx,,,,,,YES,,,,,,,,,"handle: lhd, accel pedal kd(キックダウン): -, engine: 7dq, trans: atm (for ev), axle: awd",YES,,,,,,,,,"handle: lhd, accel pedal kd(キックダウン): -, engine: 7dq, trans: atm (for ev), axle: awd",,,,,,,,,,,,,,,,,1,*,,,,,,,,,,,,,,,,,,,,,,,,,,,,,,,,,,,,,,,,,,,,,
,MSTR-009-0141700_d0001,,,,,,,,,,,,,,,,,,,,,,,,,,,,,,,,,,,,,,,,,,,,,,,,,,,,,,,,,,,,,,,,,,,,,,,,,,,,,,,,,,,,,,,,,,関連表1_A(コントロール)_XR2.xlsx,,,,,,YES,,,,,,,,,"handle: lhd, accel pedal kd(キックダウン): -, engine: 7dq, trans: atm (for ev), axle: 2wd",YES,,,,,,,,,"handle: lhd, accel pedal kd(キックダウン): -, engine: 7dq, trans: atm (for ev), axle: 2wd",,,,,,,,,,,,,,,,1,,,,,,,,,,,,,,,,,,,,,,,,,,,,,,,,,,,,,,,,,,,,,,,
,MSTR-009-0141700_d0002,,,,,,,,,,,,,,,,,,,,,,,,,,,,,,,,,,,,,,,,,,,,,,,,,,,,,,,,,,,,,,,,,,,,,,,,,,,,,,,,,,,,,,,,,,関連表1_A(コントロール)_XR2.xlsx,,,,,,YES,,,,,,,,,"handle: lhd, accel pedal kd(キックダウン): -, engine: 7dq, trans: atm (for ev), axle: awd",YES,,,,,,,,,"handle: lhd, accel pedal kd(キックダウン): -, engine: 7dq, trans: atm (for ev), axle: awd",,,,,,,,,,,,,,1,*,,,,,,,,,,,,,,,,,,,,,,,,,,,,,,,,,,,,,,,,,,,,,,,,
,MSTR-009-0141700_d0003,,,,,,,,,,,,,,,,,,,,,,,,,,,,,,,,,,,,,,,,,,,,,,,,,,,,,,,,,,,,,,,,,,,,,,,,,,,,,,,,,,,,,,,,,,関連表1_A(コントロール)_XR2.xlsx,,,,,,YES,,,,,,,,,"handle: lhd, accel pedal kd(キックダウン): -, engine: 7dq, trans: atm (for ev), axle: 2wd",YES,,,,,,,,,"handle: lhd, accel pedal kd(キックダウン): -, engine: 7dq, trans: atm (for ev), axle: 2wd",,,,,,,,,,,,,1,,,,,,,,,,,,,,,,,,,,,,,,,,,,,,,,,,,,,,,,,,,,,,,,,,
,MSTR-009-0142100,,,,,,,,,,,,,,,,,,,,,,,,,,,,,,,,,,,,,,,,,,,,,,,,,,,,,,,,,,,,,,,,,,,,,,,,,,,,,,,,,,,,,,,,,,関連表1_A(コントロール)_XR2.xlsx,,,,,,YES,,,,,,,,,handle: lhd,YES,,,,,,,,,handle: lhd,,,,,,,,,,,,,,,,1,*,*,,,,,,,,,,,,,,,,,,,,,,,,,,,,,,,,,,,,,,,,,,,,,
,MSTR-009-0142100_d0001,,,,,,,,,,,,,,,,,,,,,,,,,,,,,,,,,,,,,,,,,,,,,,,,,,,,,,,,,,,,,,,,,,,,,,,,,,,,,,,,,,,,,,,,,,関連表1_A(コントロール)_XR2.xlsx,,,,,,YES,,,,,,,,,handle: lhd,YES,,,,,,,,,handle: lhd,,,,,,,,,,,,,1,*,*,,,,,,,,,,,,,,,,,,,,,,,,,,,,,,,,,,,,,,,,,,,,,,,,
,MSTR-009-0142200,,,,,,,,,,,,,,,,,,,,,,,,,,,,,,,,,,,,,,,,,,,,,,,,,,,,,,,,,,,,,,,,,,,,,,,,,,,,,,,,,,,,,,,,,,関連表1_A(コントロール)_XR2.xlsx,,,,,,YES,,,,,,,,,handle: lhd,,,,,,,,,,,,,,,,,,,,,,,,,,1,*,*,,,,,,,,,,,,,,,,,,,,,,,,,,,,,,,,,,,,,,,,,,,,,
,MSTR-009-0142200_d0001,,,,,,,,,,,,,,,,,,,,,,,,,,,,,,,,,,,,,,,,,,,,,,,,,,,,,,,,,,,,,,,,,,,,,,,,,関連表1_A(コントロール)_XR2.xlsx,,,,,,YES,,,,,,,,,,handle: lhd,,,,,,,,,,,,,,,,,,,,,,,,,,,,,,,,,,,,,,,,,1,,,,,,,,,,,,,,,,,,,,,,,,,,,,,,,,,,,,,,,,,,,,,,,,
,MSTR-009-0142200_d0002,,,,,,,,,,,,,,,,,,,,,,,,,,,,,,,,,,,,,,,,,,,,,,,,,,,,,,,,,,,,,,,,,,,,,,,,,,,,,,,,,,,,,,,,,,関連表1_A(コントロール)_XR2.xlsx,,,,,,YES,,,,,,,,,handle: lhd,,,,,,,,,,,,,,,,,,,,,,,1,*,*,,,,,,,,,,,,,,,,,,,,,,,,,,,,,,,,,,,,,,,,,,,,,,,,
,MSTR-009-0142300,,,,,,,,,,,,,,,,,,,,,,,,,,,,,,,,,,,,,,,,,,,,,,,,,,,,,,,,,,,,,,,,,,,,,,,,,,,,,,,,,,,,,,,,,,関連表1_A(コントロール)_XR2.xlsx,,,,,,YES,,,,,,,,,handle: lhd,,,,,,,,,,,,,,,,,,,,,,,,,,1,*,*,,,,,,,,,,,,,,,,,,,,,,,,,,,,,,,,,,,,,,,,,,,,,
,MSTR-009-0142300_d0001,,,,,,,,,,,,,,,,,,,,,,,,,,,,,,,,,,,,,,,,,,,,,,,,,,,,,,,,,,,,,,,,,,,,,,,,,関連表1_A(コントロール)_XR2.xlsx,,,,,,YES,,,,,,,,,,handle: lhd,,,,,,,,,,,,,,,,,,,,,,,,,,,,,,,,,,,,,,,,,1,,,,,,,,,,,,,,,,,,,,,,,,,,,,,,,,,,,,,,,,,,,,,,,,
,MSTR-009-0142300_d0002,,,,,,,,,,,,,,,,,,,,,,,,,,,,,,,,,,,,,,,,,,,,,,,,,,,,,,,,,,,,,,,,,,,,,,,,,,,,,,,,,,,,,,,,,,関連表1_A(コントロール)_XR2.xlsx,,,,,,YES,,,,,,,,,handle: lhd,,,,,,,,,,,,,,,,,,,,,,,1,*,*,,,,,,,,,,,,,,,,,,,,,,,,,,,,,,,,,,,,,,,,,,,,,,,,
,MSTR-009-0142500,,,,,,,,,,,,,,,,,,,,,,,,,,,,,,,,,,,,,,,,,,,,,,,,,,,,,,,,,,,,,,,,,,,,,,,,,関連表1_A(コントロール)_XR2.xlsx,,,,,,YES,,,,,,,,,,handle: lhd,,,,,,,,,,,,,,,,,,,,,,,,,,,,,,,,,,,,,,,,,1,,,,,,,,,,,,,,,,,,,,,,,,,,,,,,,,,,,,,,,,,,,,,,,,
,MSTR-009-0142500_d0001,,,,,,,,,,,,,,,,,,,,,,,,,,,,,,,,,,,,,,,,,,,,,,,,,,,,,,,,,,,,,,,,,,,,,,,,,,,,,,,,,,,,,,,,,,関連表1_A(コントロール)_XR2.xlsx,,,,,,YES,,,,,,,,,handle: lhd,YES,,,,,,,,,handle: lhd,,,,,,,,,,,,,,,,1,*,*,,,,,,,,,,,,,,,,,,,,,,,,,,,,,,,,,,,,,,,,,,,,,
,MSTR-009-0142500_d0002,,,,,,,,,,,,,,,,,,,,,,,,,,,,,,,,,,,,,,,,,,,,,,,,,,,,,,,,,,,,,,,,,,,,,,,,,,,,,,,,,,,,,,,,,,関連表1_A(コントロール)_XR2.xlsx,,,,,,YES,,,,,,,,,handle: lhd,YES,,,,,,,,,handle: lhd,,,,,,,,,,,,,1,*,*,,,,,,,,,,,,,,,,,,,,,,,,,,,,,,,,,,,,,,,,,,,,,,,,
,MSTR-009-0142600,,,,,,,,,,,,,,,,,,,,,,,,,,,,,,,,,,,,,,,,,,,,,,,,,,,,,,,,,,,,,,,,,,,,,,,,,,,,,,,,,,,,,,,,,,関連表1_A(コントロール)_XR2.xlsx,,,,,,YES,,,,,,,,,handle: lhd,YES,,,,,,,,,handle: lhd,,,,,,,,,,,,,,,,1,*,*,,,,,,,,,,,,,,,,,,,,,,,,,,,,,,,,,,,,,,,,,,,,,
,MSTR-009-0142600_d0001,,,,,,,,,,,,,,,,,,,,,,,,,,,,,,,,,,,,,,,,,,,,,,,,,,,,,,,,,,,,,,,,,,,,,,,,,関連表1_A(コントロール)_XR2.xlsx,,,,,,YES,,,,,,,,,,handle: lhd,,,,,,,,,,,,,,,,,,,,,,,,,,,,,,,,,,,,,,,,,1,,,,,,,,,,,,,,,,,,,,,,,,,,,,,,,,,,,,,,,,,,,,,,,,
,MSTR-009-0142600_d0002,,,,,,,,,,,,,,,,,,,,,,,,,,,,,,,,,,,,,,,,,,,,,,,,,,,,,,,,,,,,,,,,,,,,,,,,,,,,,,,,,,,,,,,,,,関連表1_A(コントロール)_XR2.xlsx,,,,,,YES,,,,,,,,,handle: lhd,YES,,,,,,,,,handle: lhd,,,,,,,,,,,,,1,*,*,,,,,,,,,,,,,,,,,,,,,,,,,,,,,,,,,,,,,,,,,,,,,,,,
,MSTR-009-0143000,,,,,,,,,,,,,,,,,,,,,,,,,,,,,,,,,,,,,,,,,,,,,,,,,,,,,,,,,,,,,,,,,,,,,,,,,,,,,,,,,,,,,,,,,,関連表1_A(コントロール)_XR2.xlsx,,,,,,YES,,,,,,,,,"handle: lhd, clutch_unit: -",YES,,,,,,,,,"handle: lhd, clutch_unit: -",,,,,,,,,,,,,,,,1,*,*,,,,,,,,,,,,,,,,,,,,,,,,,,,,,,,,,,,,,,,,,,,,,
,MSTR-009-0143000_d0001,,,,,,,,,,,,,,,,,,,,,,,,,,,,,,,,,,,,,,,,,,,,,,,,,,,,,,,,,,,,,,,,,,,,,,,,,関連表1_A(コントロール)_XR2.xlsx,,,,,,YES,,,,,,,,,,"handle: lhd, clutch_unit: -",,,,,,,,,,,,,,,,,,,,,,,,,,,,,,,,,,,,,,,,,1,,,,,,,,,,,,,,,,,,,,,,,,,,,,,,,,,,,,,,,,,,,,,,,,
,MSTR-009-0143000_d0002,,,,,,,,,,,,,,,,,,,,,,,,,,,,,,,,,,,,,,,,,,,,,,,,,,,,,,,,,,,,,,,,,,,,,,,,,,,,,,,,,,,,,,,,,,関連表1_A(コントロール)_XR2.xlsx,,,,,,YES,,,,,,,,,"handle: lhd, clutch_unit: -",YES,,,,,,,,,"handle: lhd, clutch_unit: -",,,,,,,,,,,,,1,*,*,,,,,,,,,,,,,,,,,,,,,,,,,,,,,,,,,,,,,,,,,,,,,,,,
,MSTR-009-0143300,,,,,,,,,,,,,,,,,,,,,,,,,,,,,,,,,,,,,,,,,,,,,,,,,,,,,,,,,,,,,,,,,,,,,,,,,,,,,,,,,,,,,,,,,,関連表1_A(コントロール)_XR2.xlsx,,,,,,YES,,,,,,,,,"handle: lhd, clutch_unit: -",YES,,,,,,,,,"handle: lhd, clutch_unit: -",,,,,,,,,,,,,,,,1,*,*,,,,,,,,,,,,,,,,,,,,,,,,,,,,,,,,,,,,,,,,,,,,,
,MSTR-009-0143300_d0001,,,,,,,,,,,,,,,,,,,,,,,,,,,,,,,,,,,,,,,,,,,,,,,,,,,,,,,,,,,,,,,,,,,,,,,,,,,,,,,,,,,,,,,,,,関連表1_A(コントロール)_XR2.xlsx,,,,,,YES,,,,,,,,,"handle: lhd, clutch_unit: -",YES,,,,,,,,,"handle: lhd, clutch_unit: -",,,,,,,,,,,,,1,*,*,,,,,,,,,,,,,,,,,,,,,,,,,,,,,,,,,,,,,,,,,,,,,,,,
,MSTR-009-0143400,,,,,,,,,,,,,,,,,,,,,,,,,,,,,,,,,,,,,,,,,,,,,,,,,,,,,,,,,,,,,,,,,,,,,,,,,,,,,,,,,,,,,,,,,,関連表1_A(コントロール)_XR2.xlsx,,,,,,YES,,,,,,,,,"handle: lhd, clutch_unit: -",YES,,,,,,,,,"handle: lhd, clutch_unit: -",,,,,,,,,,,,,,,,1,*,*,,,,,,,,,,,,,,,,,,,,,,,,,,,,,,,,,,,,,,,,,,,,,
,MSTR-009-0143400_d0001,,,,,,,,,,,,,,,,,,,,,,,,,,,,,,,,,,,,,,,,,,,,,,,,,,,,,,,,,,,,,,,,,,,,,,,,,,,,,,,,,,,,,,,,,,関連表1_A(コントロール)_XR2.xlsx,,,,,,YES,,,,,,,,,"handle: lhd, clutch_unit: -",YES,,,,,,,,,"handle: lhd, clutch_unit: -",,,,,,,,,,,,,1,*,*,,,,,,,,,,,,,,,,,,,,,,,,,,,,,,,,,,,,,,,,,,,,,,,,
,MSTR-009-0143500,,,,,,,,,,,,,,,,,,,,,,,,,,,,,,,,,,,,,,,,,,,,,,,,,,,,,,,,,,,,,,,,,,,,,,,,,関連表1_A(コントロール)_XR2.xlsx,,,,,,YES,,,,,,,,,,"handle: lhd, clutch_unit: -",,,,,,,,,,,,,,,,,,,,,,,,,,,,,,,,,,,,,,,,,1,,,,,,,,,,,,,,,,,,,,,,,,,,,,,,,,,,,,,,,,,,,,,,,,
,MSTR-009-0143500_d0001,,,,,,,,,,,,,,,,,,,,,,,,,,,,,,,,,,,,,,,,,,,,,,,,,,,,,,,,,,,,,,,,,,,,,,,,,,,,,,,,,,,,,,,,,,関連表1_A(コントロール)_XR2.xlsx,,,,,,YES,,,,,,,,,"handle: lhd, clutch_unit: -",,,,,,,,,,,,,,,,,,,,,,,,,,1,*,*,,,,,,,,,,,,,,,,,,,,,,,,,,,,,,,,,,,,,,,,,,,,,
,MSTR-009-0143500_d0002,,,,,,,,,,,,,,,,,,,,,,,,,,,,,,,,,,,,,,,,,,,,,,,,,,,,,,,,,,,,,,,,,,,,,,,,,,,,,,,,,,,,,,,,,,関連表1_A(コントロール)_XR2.xlsx,,,,,,YES,,,,,,,,,"handle: lhd, clutch_unit: -",,,,,,,,,,,,,,,,,,,,,,,1,*,*,,,,,,,,,,,,,,,,,,,,,,,,,,,,,,,,,,,,,,,,,,,,,,,,
,MSTR-009-0143600,,,,,,,,,,,,,,,,,,,,,,,,,,,,,,,,,,,,,,,,,,,,,,,,,,,,,,,,,,,,,,,,,,,,,,,,,,,,,,,,,,,,,,,,,,関連表1_A(コントロール)_XR2.xlsx,,,,,,YES,,,,,,,,,"handle: lhd, clutch_unit: -",,,,,,,,,,,,,,,,,,,,,,,,,,1,*,*,,,,,,,,,,,,,,,,,,,,,,,,,,,,,,,,,,,,,,,,,,,,,
,MSTR-009-0143600_d0001,,,,,,,,,,,,,,,,,,,,,,,,,,,,,,,,,,,,,,,,,,,,,,,,,,,,,,,,,,,,,,,,,,,,,,,,,関連表1_A(コントロール)_XR2.xlsx,,,,,,YES,,,,,,,,,,"handle: lhd, clutch_unit: -",,,,,,,,,,,,,,,,,,,,,,,,,,,,,,,,,,,,,,,,,1,,,,,,,,,,,,,,,,,,,,,,,,,,,,,,,,,,,,,,,,,,,,,,,,
,MSTR-009-0143600_d0002,,,,,,,,,,,,,,,,,,,,,,,,,,,,,,,,,,,,,,,,,,,,,,,,,,,,,,,,,,,,,,,,,,,,,,,,,,,,,,,,,,,,,,,,,,関連表1_A(コントロール)_XR2.xlsx,,,,,,YES,,,,,,,,,"handle: lhd, clutch_unit: -",,,,,,,,,,,,,,,,,,,,,,,1,*,*,,,,,,,,,,,,,,,,,,,,,,,,,,,,,,,,,,,,,,,,,,,,,,,,
,MSTR-009-0143700,,,,,,,,,,,,,,,,,,,,,,,,,,,,,,,,,,,,,,,,,,,,,,,,,,,,,,,,,,,,,,,,,,,,,,,,,関連表1_A(コントロール)_XR2.xlsx,,,,,,YES,,,,,,,,,,"handle: lhd, clutch_unit: -",,,,,,,,,,,,,,,,,,,,,,,,,,,,,,,,,,,,,,,,,1,,,,,,,,,,,,,,,,,,,,,,,,,,,,,,,,,,,,,,,,,,,,,,,,
,MSTR-009-0143700_d0001,,,,,,,,,,,,,,,,,,,,,,,,,,,,,,,,,,,,,,,,,,,,,,,,,,,,,,,,,,,,,,,,,,,,,,,,,,,,,,,,,,,,,,,,,,関連表1_A(コントロール)_XR2.xlsx,,,,,,YES,,,,,,,,,"handle: lhd, clutch_unit: -",,,,,,,,,,,,,,,,,,,,,,,,,,1,*,*,,,,,,,,,,,,,,,,,,,,,,,,,,,,,,,,,,,,,,,,,,,,,
,MSTR-009-0143700_d0002,,,,,,,,,,,,,,,,,,,,,,,,,,,,,,,,,,,,,,,,,,,,,,,,,,,,,,,,,,,,,,,,,,,,,,,,,,,,,,,,,,,,,,,,,,関連表1_A(コントロール)_XR2.xlsx,,,,,,YES,,,,,,,,,"handle: lhd, clutch_unit: -",,,,,,,,,,,,,,,,,,,,,,,1,*,*,,,,,,,,,,,,,,,,,,,,,,,,,,,,,,,,,,,,,,,,,,,,,,,,
,MSTR-009-0143800,,,,,,,,,,,,,,,,,,,,,,,,,,,,,,,,,,,,,,,,,,,,,,,,,,,,,,,,,,,,,,,,,,,,,,,,,関連表1_A(コントロール)_XR2.xlsx,,,,,,YES,,,,,,,,,,"handle: lhd, clutch_unit: -",,,,,,,,,,,,,,,,,,,,,,,,,,,,,,,,,,,,,,,,,1,,,,,,,,,,,,,,,,,,,,,,,,,,,,,,,,,,,,,,,,,,,,,,,,
,MSTR-009-0143800_d0001,,,,,,,,,,,,,,,,,,,,,,,,,,,,,,,,,,,,,,,,,,,,,,,,,,,,,,,,,,,,,,,,,,,,,,,,,,,,,,,,,,,,,,,,,,関連表1_A(コントロール)_XR2.xlsx,,,,,,YES,,,,,,,,,"handle: lhd, clutch_unit: -",,,,,,,,,,,,,,,,,,,,,,,,,,1,*,*,,,,,,,,,,,,,,,,,,,,,,,,,,,,,,,,,,,,,,,,,,,,,
,MSTR-009-0143800_d0002,,,,,,,,,,,,,,,,,,,,,,,,,,,,,,,,,,,,,,,,,,,,,,,,,,,,,,,,,,,,,,,,,,,,,,,,,,,,,,,,,,,,,,,,,,関連表1_A(コントロール)_XR2.xlsx,,,,,,YES,,,,,,,,,"handle: lhd, clutch_unit: -",,,,,,,,,,,,,,,,,,,,,,,1,*,*,,,,,,,,,,,,,,,,,,,,,,,,,,,,,,,,,,,,,,,,,,,,,,,,
,MSTR-009-0143900,,,,,,,,,,,,,,,,,,,,,,,,,,,,,,,,,,,,,,,,,,,,,,,,,,,,,,,,,,,,,,,,,,,,,,,,,,,,,,,,,,,,,,,,,,関連表1_A(コントロール)_XR2.xlsx,,,,,,YES,,,,,,,,,"handle: lhd, clutch_unit: -",YES,,,,,,,,,"handle: lhd, clutch_unit: -",,,,,,,,,,,,,,,,1,*,*,,,,,,,,,,,,,,,,,,,,,,,,,,,,,,,,,,,,,,,,,,,,,
,MSTR-009-0144000,,,,,,,,,,,,,,,,,,,,,,,,,,,,,,,,,,,,,,,,,,,,,,,,,,,,,,,,,,,,,,,,,,,,,,,,,,,,,,,,,,,,,,,,,,関連表1_A(コントロール)_XR2.xlsx,,,,,,YES,,,,,,,,,"handle: lhd, 金属製フットレスト: standard",YES,,,,,,,,,"handle: lhd, 金属製フットレスト: standard",,,,,,,,,,,,,,,,1,*,*,,,,,,,,,,,,,,,,,,,,,,,,,,,,,,,,,,,,,,,,,,,,,
,MSTR-009-0144000_d0001,,,,,,,,,,,,,,,,,,,,,,,,,,,,,,,,,,,,,,,,,,,,,,,,,,,,,,,,,,,,,,,,,,,,,,,,,,,,,,,,,,,,,,,,,,関連表1_A(コントロール)_XR2.xlsx,,,,,,YES,,,,,,,,,"handle: lhd, 金属製フットレスト: standard",YES,,,,,,,,,"handle: lhd, 金属製フットレスト: standard",,,,,,,,,,,,,1,*,*,,,,,,,,,,,,,,,,,,,,,,,,,,,,,,,,,,,,,,,,,,,,,,,,
,MSTR-009-0144100,,,,,,,,,,,,,,,,,,,,,,,,,,,,,,,,,,,,,,,,,,,,,,,,,,,,,,,,,,,,,,,,,,,,,,,,,,,,,,,,,,,,,,,,,,関連表1_A(コントロール)_XR2.xlsx,,,,,,YES,,,,,,,,,"handle: lhd, 金属製フットレスト: standard",,,,,,,,,,,,,,,,,,,,,,,,,,1,*,*,,,,,,,,,,,,,,,,,,,,,,,,,,,,,,,,,,,,,,,,,,,,,
,MSTR-009-0144100_d0001,,,,,,,,,,,,,,,,,,,,,,,,,,,,,,,,,,,,,,,,,,,,,,,,,,,,,,,,,,,,,,,,,,,,,,,,,,,,,,,,,,,,,,,,,,関連表1_A(コントロール)_XR2.xlsx,,,,,,YES,,,,,,,,,"handle: lhd, 金属製フットレスト: standard",,,,,,,,,,,,,,,,,,,,,,,1,*,*,,,,,,,,,,,,,,,,,,,,,,,,,,,,,,,,,,,,,,,,,,,,,,,,
,MSTR-009-0144200,,,,,,,,,,,,,,,,,,,,,,,,,,,,,,,,,,,,,,,,,,,,,,,,,,,,,,,,,,,,,,,,,,,,,,,,,,,,,,,,,,,,,,,,,,関連表1_A(コントロール)_XR2.xlsx,,,,,,YES,,,,,,,,,"handle: lhd, 金属製フットレスト: standard",,,,,,,,,,,,,,,,,,,,,,,,,,1,*,*,,,,,,,,,,,,,,,,,,,,,,,,,,,,,,,,,,,,,,,,,,,,,
,MSTR-009-0144200_d0001,,,,,,,,,,,,,,,,,,,,,,,,,,,,,,,,,,,,,,,,,,,,,,,,,,,,,,,,,,,,,,,,,,,,,,,,,,,,,,,,,,,,,,,,,,関連表1_A(コントロール)_XR2.xlsx,,,,,,YES,,,,,,,,,"handle: lhd, 金属製フットレスト: standard",,,,,,,,,,,,,,,,,,,,,,,1,*,*,,,,,,,,,,,,,,,,,,,,,,,,,,,,,,,,,,,,,,,,,,,,,,,,
,MSTR-009-0144300,,,,,,,,,,,,,,,,,,,,,,,,,,,,,,,,,,,,,,,,,,,,,,,,,,,,,,,,,,,,,,,,,,,,,,,,,,,,,,,,,,,,,,,,,,関連表1_A(コントロール)_XR2.xlsx,,,,,,YES,,,,,,,,,"atシフトデバイス: -, trans: atm (for ev)",YES,,,,,,,,,"atシフトデバイス: -, trans: atm (for ev)",,,,,,,,,,,,,,,,1,*,*,,,,,,,,,,,,,,,,,,,,,,,,,,,,,,,,,,,,,,,,,,,,,
,MSTR-009-0144300_d0001,,,,,,,,,,,,,,,,,,,,,,,,,,,,,,,,,,,,,,,,,,,,,,,,,,,,,,,,,,,,,,,,,,,,,,,,,,,,,,,,,,,,,,,,,,関連表1_A(コントロール)_XR2.xlsx,,,,,,YES,,,,,,,,,"atシフトデバイス: -, trans: atm (for ev)",YES,,,,,,,,,"atシフトデバイス: -, trans: atm (for ev)",,,,,,,,,,,,,1,*,*,,,,,,,,,,,,,,,,,,,,,,,,,,,,,,,,,,,,,,,,,,,,,,,,
,MSTR-009-0144700,,,,,,,,,,,,,,,,,,,,,,,,,,,,,,,,,,,,,,,,,,,,,,,,,,,,,,,,,,,,,,,,,,,,,,,,,,,,,,,,,,,,,,,,,,関連表1_A(コントロール)_XR2.xlsx,,,,,,YES,,,,,,,,,"atシフトデバイス: -, trans: atm (for ev)",YES,,,,,,,,,"atシフトデバイス: -, trans: atm (for ev)",,,,,,,,,,,,,,,,1,*,*,,,,,,,,,,,,,,,,,,,,,,,,,,,,,,,,,,,,,,,,,,,,,
,MSTR-009-0144700_d0001,,,,,,,,,,,,,,,,,,,,,,,,,,,,,,,,,,,,,,,,,,,,,,,,,,,,,,,,,,,,,,,,,,,,,,,,,,,,,,,,,,,,,,,,,,関連表1_A(コントロール)_XR2.xlsx,,,,,,YES,,,,,,,,,"atシフトデバイス: -, trans: atm (for ev)",YES,,,,,,,,,"atシフトデバイス: -, trans: atm (for ev)",,,,,,,,,,,,,1,*,*,,,,,,,,,,,,,,,,,,,,,,,,,,,,,,,,,,,,,,,,,,,,,,,,
,MSTR-009-0144800,,,,,,,,,,,,,,,,,,,,,,,,,,,,,,,,,,,,,,,,,,,,,,,,,,,,,,,,,,,,,,,,,,,,,,,,,,,,,,,,,,,,,,,,,,関連表1_A(コントロール)_XR2.xlsx,,,,,,YES,,,,,,,,,"atシフトデバイス: -, trans: atm (for ev)",,,,,,,,,,,,,,,,,,,,,,,,,,1,*,*,,,,,,,,,,,,,,,,,,,,,,,,,,,,,,,,,,,,,,,,,,,,,
,MSTR-009-0144800_d0001,,,,,,,,,,,,,,,,,,,,,,,,,,,,,,,,,,,,,,,,,,,,,,,,,,,,,,,,,,,,,,,,,,,,,,,,,,,,,,,,,,,,,,,,,,関連表1_A(コントロール)_XR2.xlsx,,,,,,YES,,,,,,,,,"atシフトデバイス: -, trans: atm (for ev)",,,,,,,,,,,,,,,,,,,,,,,1,*,*,,,,,,,,,,,,,,,,,,,,,,,,,,,,,,,,,,,,,,,,,,,,,,,,
,MSTR-009-0144900,,,,,,,,,,,,,,,,,,,,,,,,,,,,,,,,,,,,,,,,,,,,,,,,,,,,,,,,,,,,,,,,,,,,,,,,,,,,,,,,,,,,,,,,,,関連表1_A(コントロール)_XR2.xlsx,,,,,,YES,,,,,,,,,"atシフトデバイス: -, trans: atm (for ev)",,,,,,,,,,,,,,,,,,,,,,,,,,1,*,*,,,,,,,,,,,,,,,,,,,,,,,,,,,,,,,,,,,,,,,,,,,,,
,MSTR-009-0144900_d0001,,,,,,,,,,,,,,,,,,,,,,,,,,,,,,,,,,,,,,,,,,,,,,,,,,,,,,,,,,,,,,,,,,,,,,,,,,,,,,,,,,,,,,,,,,関連表1_A(コントロール)_XR2.xlsx,,,,,,YES,,,,,,,,,"atシフトデバイス: -, trans: atm (for ev)",,,,,,,,,,,,,,,,,,,,,,,1,*,*,,,,,,,,,,,,,,,,,,,,,,,,,,,,,,,,,,,,,,,,,,,,,,,,
,MSTR-009-0145000,,,,,,,,,,,,,,,,,,,,,,,,,,,,,,,,,,,,,,,,,,,,,,,,,,,,,,,,,,,,,,,,,,,,,,,,,,,,,,,,,,,,,,,,,,関連表1_A(コントロール)_XR2.xlsx,,,,,,YES,,,,,,,,,"atシフトデバイス: -, trans: atm (for ev)",,,,,,,,,,,,,,,,,,,,,,,,,,1,*,*,,,,,,,,,,,,,,,,,,,,,,,,,,,,,,,,,,,,,,,,,,,,,
,MSTR-009-0145000_d0001,,,,,,,,,,,,,,,,,,,,,,,,,,,,,,,,,,,,,,,,,,,,,,,,,,,,,,,,,,,,,,,,,,,,,,,,,,,,,,,,,,,,,,,,,,関連表1_A(コントロール)_XR2.xlsx,,,,,,YES,,,,,,,,,"atシフトデバイス: -, trans: atm (for ev)",,,,,,,,,,,,,,,,,,,,,,,1,*,*,,,,,,,,,,,,,,,,,,,,,,,,,,,,,,,,,,,,,,,,,,,,,,,,
,MSTR-009-0145100,,,,,,,,,,,,,,,,,,,,,,,,,,,,,,,,,,,,,,,,,,,,,,,,,,,,,,,,,,,,,,,,,,,,,,,,,,,,,,,,,,,,,,,,,,関連表1_A(コントロール)_XR2.xlsx,,,,,,YES,,,,,,,,,"atシフトデバイス: -, trans: atm (for ev)",,,,,,,,,,,,,,,,,,,,,,,,,,1,*,*,,,,,,,,,,,,,,,,,,,,,,,,,,,,,,,,,,,,,,,,,,,,,
,MSTR-009-0145100_d0001,,,,,,,,,,,,,,,,,,,,,,,,,,,,,,,,,,,,,,,,,,,,,,,,,,,,,,,,,,,,,,,,,,,,,,,,,関連表1_A(コントロール)_XR2.xlsx,,,,,,YES,,,,,,,,,,"atシフトデバイス: -, trans: atm (for ev)",,,,,,,,,,,,,,,,,,,,,,,,,,,,,,,,,,,,,,,,,1,,,,,,,,,,,,,,,,,,,,,,,,,,,,,,,,,,,,,,,,,,,,,,,,
,MSTR-009-0145100_d0002,,,,,,,,,,,,,,,,,,,,,,,,,,,,,,,,,,,,,,,,,,,,,,,,,,,,,,,,,,,,,,,,,,,,,,,,,,,,,,,,,,,,,,,,,,関連表1_A(コントロール)_XR2.xlsx,,,,,,YES,,,,,,,,,"atシフトデバイス: -, trans: atm (for ev)",,,,,,,,,,,,,,,,,,,,,,,1,*,*,,,,,,,,,,,,,,,,,,,,,,,,,,,,,,,,,,,,,,,,,,,,,,,,
,MSTR-009-0145200,,,,,,,,,,,,,,,,,,,,,,,,,,,,,,,,,,,,,,,,,,,,,,,,,,,,,,,,,,,,,,,,,,,,,,,,,,,,,,,,,,,,,,,,,,関連表1_A(コントロール)_XR2.xlsx,,,,,,YES,,,,,,,,,"atシフトデバイス: -, trans: atm (for ev)",,,,,,,,,,,,,,,,,,,,,,,,,,1,*,*,,,,,,,,,,,,,,,,,,,,,,,,,,,,,,,,,,,,,,,,,,,,,
,MSTR-009-0145200_d0001,,,,,,,,,,,,,,,,,,,,,,,,,,,,,,,,,,,,,,,,,,,,,,,,,,,,,,,,,,,,,,,,,,,,,,,,,,,,,,,,,,,,,,,,,,関連表1_A(コントロール)_XR2.xlsx,,,,,,YES,,,,,,,,,"atシフトデバイス: -, trans: atm (for ev)",,,,,,,,,,,,,,,,,,,,,,,1,*,*,,,,,,,,,,,,,,,,,,,,,,,,,,,,,,,,,,,,,,,,,,,,,,,,
,MSTR-009-0145300,,,,,,,,,,,,,,,,,,,,,,,,,,,,,,,,,,,,,,,,,,,,,,,,,,,,,,,,,,,,,,,,,,,,,,,,,,,,,,,,,,,,,,,,,,関連表1_A(コントロール)_XR2.xlsx,,,,,,YES,,,,,,,,,"atシフトデバイス: -, trans: atm (for ev)",YES,,,,,,,,,"atシフトデバイス: -, trans: atm (for ev)",,,,,,,,,,,,,,,,1,*,*,,,,,,,,,,,,,,,,,,,,,,,,,,,,,,,,,,,,,,,,,,,,,
,MSTR-009-0145300_d0001,,,,,,,,,,,,,,,,,,,,,,,,,,,,,,,,,,,,,,,,,,,,,,,,,,,,,,,,,,,,,,,,,,,,,,,,,関連表1_A(コントロール)_XR2.xlsx,,,,,,YES,,,,,,,,,,"atシフトデバイス: -, trans: atm (for ev)",,,,,,,,,,,,,,,,,,,,,,,,,,,,,,,,,,,,,,,,,1,,,,,,,,,,,,,,,,,,,,,,,,,,,,,,,,,,,,,,,,,,,,,,,,
,MSTR-009-0145300_d0002,,,,,,,,,,,,,,,,,,,,,,,,,,,,,,,,,,,,,,,,,,,,,,,,,,,,,,,,,,,,,,,,,,,,,,,,,,,,,,,,,,,,,,,,,,関連表1_A(コントロール)_XR2.xlsx,,,,,,YES,,,,,,,,,"atシフトデバイス: -, trans: atm (for ev)",YES,,,,,,,,,"atシフトデバイス: -, trans: atm (for ev)",,,,,,,,,,,,,1,*,*,,,,,,,,,,,,,,,,,,,,,,,,,,,,,,,,,,,,,,,,,,,,,,,,
,MSTR-009-0145400,,,,,,,,,,,,,,,,,,,,,,,,,,,,,,,,,,,,,,,,,,,,,,,,,,,,,,,,,,,,,,,,,,,,,,,,,,,,,,,,,,,,,,,,,,関連表1_A(コントロール)_XR2.xlsx,,,,,,YES,,,,,,,,,"atシフトデバイス: -, trans: atm (for ev)",,,,,,,,,,,,,,,,,,,,,,,,,,1,*,*,,,,,,,,,,,,,,,,,,,,,,,,,,,,,,,,,,,,,,,,,,,,,
,MSTR-009-0145400_d0001,,,,,,,,,,,,,,,,,,,,,,,,,,,,,,,,,,,,,,,,,,,,,,,,,,,,,,,,,,,,,,,,,,,,,,,,,関連表1_A(コントロール)_XR2.xlsx,,,,,,YES,,,,,,,,,,"atシフトデバイス: -, trans: atm (for ev)",,,,,,,,,,,,,,,,,,,,,,,,,,,,,,,,,,,,,,,,,1,,,,,,,,,,,,,,,,,,,,,,,,,,,,,,,,,,,,,,,,,,,,,,,,
,MSTR-009-0145400_d0002,,,,,,,,,,,,,,,,,,,,,,,,,,,,,,,,,,,,,,,,,,,,,,,,,,,,,,,,,,,,,,,,,,,,,,,,,,,,,,,,,,,,,,,,,,関連表1_A(コントロール)_XR2.xlsx,,,,,,YES,,,,,,,,,"atシフトデバイス: -, trans: atm (for ev)",,,,,,,,,,,,,,,,,,,,,,,1,*,*,,,,,,,,,,,,,,,,,,,,,,,,,,,,,,,,,,,,,,,,,,,,,,,,
,MSTR-009-0145500,,,,,,,,,,,,,,,,,,,,,,,,,,,,,,,,,,,,,,,,,,,,,,,,,,,,,,,,,,,,,,,,,,,,,,,,,,,,,,,,,,,,,,,,,,関連表1_A(コントロール)_XR2.xlsx,,,,,,YES,,,,,,,,,"atシフトデバイス: -, trans: atm (for ev)",,,,,,,,,,,,,,,,,,,,,,,,,,1,*,*,,,,,,,,,,,,,,,,,,,,,,,,,,,,,,,,,,,,,,,,,,,,,
,MSTR-009-0145500_d0001,,,,,,,,,,,,,,,,,,,,,,,,,,,,,,,,,,,,,,,,,,,,,,,,,,,,,,,,,,,,,,,,,,,,,,,,,,,,,,,,,,,,,,,,,,関連表1_A(コントロール)_XR2.xlsx,,,,,,YES,,,,,,,,,"atシフトデバイス: -, trans: atm (for ev)",,,,,,,,,,,,,,,,,,,,,,,1,*,*,,,,,,,,,,,,,,,,,,,,,,,,,,,,,,,,,,,,,,,,,,,,,,,,
,MSTR-009-0145600,,,,,,,,,,,,,,,,,,,,,,,,,,,,,,,,,,,,,,,,,,,,,,,,,,,,,,,,,,,,,,,,,,,,,,,,,,,,,,,,,,,,,,,,,,関連表1_A(コントロール)_XR2.xlsx,,,,,,YES,,,,,,,,,"atシフトデバイス: -, trans: atm (for ev)",,,,,,,,,,,,,,,,,,,,,,,,,,1,*,*,,,,,,,,,,,,,,,,,,,,,,,,,,,,,,,,,,,,,,,,,,,,,
,MSTR-009-0145600_d0001,,,,,,,,,,,,,,,,,,,,,,,,,,,,,,,,,,,,,,,,,,,,,,,,,,,,,,,,,,,,,,,,,,,,,,,,,関連表1_A(コントロール)_XR2.xlsx,,,,,,YES,,,,,,,,,,"atシフトデバイス: -, trans: atm (for ev)",,,,,,,,,,,,,,,,,,,,,,,,,,,,,,,,,,,,,,,,,1,,,,,,,,,,,,,,,,,,,,,,,,,,,,,,,,,,,,,,,,,,,,,,,,
,MSTR-009-0145600_d0002,,,,,,,,,,,,,,,,,,,,,,,,,,,,,,,,,,,,,,,,,,,,,,,,,,,,,,,,,,,,,,,,,,,,,,,,,,,,,,,,,,,,,,,,,,関連表1_A(コントロール)_XR2.xlsx,,,,,,YES,,,,,,,,,"atシフトデバイス: -, trans: atm (for ev)",,,,,,,,,,,,,,,,,,,,,,,1,*,*,,,,,,,,,,,,,,,,,,,,,,,,,,,,,,,,,,,,,,,,,,,,,,,,
,MSTR-009-0145700,,,,,,,,,,,,,,,,,,,,,,,,,,,,,,,,,,,,,,,,,,,,,,,,,,,,,,,,,,,,,,,,,,,,,,,,,,,,,,,,,,,,,,,,,,関連表1_A(コントロール)_XR2.xlsx,,,,,,YES,,,,,,,,,"atシフトデバイス: -, trans: atm (for ev)",YES,,,,,,,,,"atシフトデバイス: -, trans: atm (for ev)",,,,,,,,,,,,,,,,1,*,*,,,,,,,,,,,,,,,,,,,,,,,,,,,,,,,,,,,,,,,,,,,,,
,MSTR-009-0145700_d0001,,,,,,,,,,,,,,,,,,,,,,,,,,,,,,,,,,,,,,,,,,,,,,,,,,,,,,,,,,,,,,,,,,,,,,,,,関連表1_A(コントロール)_XR2.xlsx,,,,,,YES,,,,,,,,,,"atシフトデバイス: -, trans: atm (for ev)",,,,,,,,,,,,,,,,,,,,,,,,,,,,,,,,,,,,,,,,,1,,,,,,,,,,,,,,,,,,,,,,,,,,,,,,,,,,,,,,,,,,,,,,,,
,MSTR-009-0145700_d0002,,,,,,,,,,,,,,,,,,,,,,,,,,,,,,,,,,,,,,,,,,,,,,,,,,,,,,,,,,,,,,,,,,,,,,,,,,,,,,,,,,,,,,,,,,関連表1_A(コントロール)_XR2.xlsx,,,,,,YES,,,,,,,,,"atシフトデバイス: -, trans: atm (for ev)",YES,,,,,,,,,"atシフトデバイス: -, trans: atm (for ev)",,,,,,,,,,,,,1,*,*,,,,,,,,,,,,,,,,,,,,,,,,,,,,,,,,,,,,,,,,,,,,,,,,
,MSTR-009-0145800,,,,,,,,,,,,,,,,,,,,,,,,,,,,,,,,,,,,,,,,,,,,,,,,,,,,,,,,,,,,,,,,,,,,,,,,,,,,,,,,,,,,,,,,,,関連表1_A(コントロール)_XR2.xlsx,,,,,,YES,,,,,,,,,"atシフトデバイス: -, trans: atm (for ev)",YES,,,,,,,,,"atシフトデバイス: -, trans: atm (for ev)",,,,,,,,,,,,,,,,1,*,*,,,,,,,,,,,,,,,,,,,,,,,,,,,,,,,,,,,,,,,,,,,,,
,MSTR-009-0145800_d0001,,,,,,,,,,,,,,,,,,,,,,,,,,,,,,,,,,,,,,,,,,,,,,,,,,,,,,,,,,,,,,,,,,,,,,,,,,,,,,,,,,,,,,,,,,関連表1_A(コントロール)_XR2.xlsx,,,,,,YES,,,,,,,,,"atシフトデバイス: -, trans: atm (for ev)",YES,,,,,,,,,"atシフトデバイス: -, trans: atm (for ev)",,,,,,,,,,,,,1,*,*,,,,,,,,,,,,,,,,,,,,,,,,,,,,,,,,,,,,,,,,,,,,,,,,
,MSTR-009-0145900,,,,,,,,,,,,,,,,,,,,,,,,,,,,,,,,,,,,,,,,,,,,,,,,,,,,,,,,,,,,,,,,,,,,,,,,,,,,,,,,,,,,,,,,,,関連表1_A(コントロール)_XR2.xlsx,,,,,,YES,,,,,,,,,"atシフトデバイス: -, trans: atm (for ev)",YES,,,,,,,,,"atシフトデバイス: -, trans: atm (for ev)",,,,,,,,,,,,,,,,1,*,*,,,,,,,,,,,,,,,,,,,,,,,,,,,,,,,,,,,,,,,,,,,,,
,MSTR-009-0145900_d0001,,,,,,,,,,,,,,,,,,,,,,,,,,,,,,,,,,,,,,,,,,,,,,,,,,,,,,,,,,,,,,,,,,,,,,,,,,,,,,,,,,,,,,,,,,関連表1_A(コントロール)_XR2.xlsx,,,,,,YES,,,,,,,,,"atシフトデバイス: -, trans: atm (for ev)",YES,,,,,,,,,"atシフトデバイス: -, trans: atm (for ev)",,,,,,,,,,,,,1,*,*,,,,,,,,,,,,,,,,,,,,,,,,,,,,,,,,,,,,,,,,,,,,,,,,
,MSTR-009-0146000,,,,,,,,,,,,,,,,,,,,,,,,,,,,,,,,,,,,,,,,,,,,,,,,,,,,,,,,,,,,,,,,,,,,,,,,,,,,,,,,,,,,,,,,,,関連表1_A(コントロール)_XR2.xlsx,,,,,,YES,,,,,,,,,"atシフトデバイス: -, trans: atm (for ev)",YES,,,,,,,,,"atシフトデバイス: -, trans: atm (for ev)",,,,,,,,,,,,,,,,1,*,*,,,,,,,,,,,,,,,,,,,,,,,,,,,,,,,,,,,,,,,,,,,,,
,MSTR-009-0146000_d0001,,,,,,,,,,,,,,,,,,,,,,,,,,,,,,,,,,,,,,,,,,,,,,,,,,,,,,,,,,,,,,,,,,,,,,,,,,,,,,,,,,,,,,,,,,関連表1_A(コントロール)_XR2.xlsx,,,,,,YES,,,,,,,,,"atシフトデバイス: -, trans: atm (for ev)",YES,,,,,,,,,"atシフトデバイス: -, trans: atm (for ev)",,,,,,,,,,,,,1,*,*,,,,,,,,,,,,,,,,,,,,,,,,,,,,,,,,,,,,,,,,,,,,,,,,
,MSTR-009-0146100,,,,,,,,,,,,,,,,,,,,,,,,,,,,,,,,,,,,,,,,,,,,,,,,,,,,,,,,,,,,,,,,,,,,,,,,,,,,,,,,,,,,,,,,,,関連表1_A(コントロール)_XR2.xlsx,,,,,,YES,,,,,,,,,"atシフトデバイス: -, trans: atm (for ev)",YES,,,,,,,,,"atシフトデバイス: -, trans: atm (for ev)",,,,,,,,,,,,,,,,1,*,*,,,,,,,,,,,,,,,,,,,,,,,,,,,,,,,,,,,,,,,,,,,,,
,MSTR-009-0146100_d0001,,,,,,,,,,,,,,,,,,,,,,,,,,,,,,,,,,,,,,,,,,,,,,,,,,,,,,,,,,,,,,,,,,,,,,,,,,,,,,,,,,,,,,,,,,関連表1_A(コントロール)_XR2.xlsx,,,,,,YES,,,,,,,,,"atシフトデバイス: -, trans: atm (for ev)",YES,,,,,,,,,"atシフトデバイス: -, trans: atm (for ev)",,,,,,,,,,,,,1,*,*,,,,,,,,,,,,,,,,,,,,,,,,,,,,,,,,,,,,,,,,,,,,,,,,
,MSTR-009-0146500,,,,,,,,,,,,,,,,,,,,,,,,,,,,,,,,,,,,,,,,,,,,,,,,,,,,,,,,,,,,,,,,,,,,,,,,,,,,,,,,,,,,,,,,,,関連表1_A(コントロール)_XR2.xlsx,,,,,,YES,,,,,,,,,"atシフトデバイス: -, trans: atm (for ev)",,,,,,,,,,,,,,,,,,,,,,,,,,1,*,*,,,,,,,,,,,,,,,,,,,,,,,,,,,,,,,,,,,,,,,,,,,,,
,MSTR-009-0146500_d0001,,,,,,,,,,,,,,,,,,,,,,,,,,,,,,,,,,,,,,,,,,,,,,,,,,,,,,,,,,,,,,,,,,,,,,,,,,,,,,,,,,,,,,,,,,関連表1_A(コントロール)_XR2.xlsx,,,,,,YES,,,,,,,,,"atシフトデバイス: -, trans: atm (for ev)",,,,,,,,,,,,,,,,,,,,,,,1,*,*,,,,,,,,,,,,,,,,,,,,,,,,,,,,,,,,,,,,,,,,,,,,,,,,
,MSTR-009-0146600,,,,,,,,,,,,,,,,,,,,,,,,,,,,,,,,,,,,,,,,,,,,,,,,,,,,,,,,,,,,,,,,,,,,,,,,,,,,,,,,,,,,,,,,,,関連表1_A(コントロール)_XR2.xlsx,,,,,,YES,,,,,,,,,"atシフトデバイス: -, trans: atm (for ev)",,,,,,,,,,,,,,,,,,,,,,,,,,1,*,*,,,,,,,,,,,,,,,,,,,,,,,,,,,,,,,,,,,,,,,,,,,,,
,MSTR-009-0146600_d0001,,,,,,,,,,,,,,,,,,,,,,,,,,,,,,,,,,,,,,,,,,,,,,,,,,,,,,,,,,,,,,,,,,,,,,,,,,,,,,,,,,,,,,,,,,関連表1_A(コントロール)_XR2.xlsx,,,,,,YES,,,,,,,,,"atシフトデバイス: -, trans: atm (for ev)",,,,,,,,,,,,,,,,,,,,,,,1,*,*,,,,,,,,,,,,,,,,,,,,,,,,,,,,,,,,,,,,,,,,,,,,,,,,
,MSTR-009-0146700,,,,,,,,,,,,,,,,,,,,,,,,,,,,,,,,,,,,,,,,,,,,,,,,,,,,,,,,,,,,,,,,,,,,,,,,,,,,,,,,,,,,,,,,,,関連表1_A(コントロール)_XR2.xlsx,,,,,,YES,,,,,,,,,"atシフトデバイス: -, trans: atm (for ev)",,,,,,,,,,,,,,,,,,,,,,,,,,1,*,*,,,,,,,,,,,,,,,,,,,,,,,,,,,,,,,,,,,,,,,,,,,,,
,MSTR-009-0146700_d0001,,,,,,,,,,,,,,,,,,,,,,,,,,,,,,,,,,,,,,,,,,,,,,,,,,,,,,,,,,,,,,,,,,,,,,,,,,,,,,,,,,,,,,,,,,関連表1_A(コントロール)_XR2.xlsx,,,,,,YES,,,,,,,,,"atシフトデバイス: -, trans: atm (for ev)",,,,,,,,,,,,,,,,,,,,,,,1,*,*,,,,,,,,,,,,,,,,,,,,,,,,,,,,,,,,,,,,,,,,,,,,,,,,
,MSTR-009-0146800,,,,,,,,,,,,,,,,,,,,,,,,,,,,,,,,,,,,,,,,,,,,,,,,,,,,,,,,,,,,,,,,,,,,,,,,,,,,,,,,,,,,,,,,,,関連表1_A(コントロール)_XR2.xlsx,,,,,,YES,,,,,,,,,,,,,,,,,,,,,,,,,,,,,,,,,,,1,*,*,,,,,,,,,,,,,,,,,,,,,,,,,,,,,,,,,,,,,,,,,,,,,
,MSTR-009-0146800_d0001,,,,,,,,,,,,,,,,,,,,,,,,,,,,,,,,,,,,,,,,,,,,,,,,,,,,,,,,,,,,,,,,,,,,,,,,,,,,,,,,,,,,,,,,,,関連表1_A(コントロール)_XR2.xlsx,,,,,,YES,,,,,,,,,,,,,,,,,,,,,,,,,,,,,,,,1,*,*,,,,,,,,,,,,,,,,,,,,,,,,,,,,,,,,,,,,,,,,,,,,,,,,
,MSTR-009-0146900,,,,,,,,,,,,,,,,,,,,,,,,,,,,,,,,,,,,,,,,,,,,,,,,,,,,,,,,,,,,,,,,,,,,,,,,,,,,,,,,,,,,,,,,,,関連表1_A(コントロール)_XR2.xlsx,,,,,,YES,,,,,,,,,,,,,,,,,,,,,,,,,,,,,,,,,,,1,*,*,,,,,,,,,,,,,,,,,,,,,,,,,,,,,,,,,,,,,,,,,,,,,
,MSTR-009-0146900_d0001,,,,,,,,,,,,,,,,,,,,,,,,,,,,,,,,,,,,,,,,,,,,,,,,,,,,,,,,,,,,,,,,,,,,,,,,,,,,,,,,,,,,,,,,,,関連表1_A(コントロール)_XR2.xlsx,,,,,,YES,,,,,,,,,,,,,,,,,,,,,,,,,,,,,,,,1,*,*,,,,,,,,,,,,,,,,,,,,,,,,,,,,,,,,,,,,,,,,,,,,,,,,
,MSTR-009-0147000,,,,,,,,,,,,,,,,,,,,,,,,,,,,,,,,,,,,,,,,,,,,,,,,,,,,,,,,,,,,,,,,,,,,,,,,,,,,,,,,,,,,,,,,,,関連表1_A(コントロール)_XR2.xlsx,,,,,,YES,,,,,,,,,,YES,,,,,,,,,,,,,,,,,,,,,,,,,1,*,*,,,,,,,,,,,,,,,,,,,,,,,,,,,,,,,,,,,,,,,,,,,,,
,MSTR-009-0147000_d0001,,,,,,,,,,,,,,,,,,,,,,,,,,,,,,,,,,,,,,,,,,,,,,,,,,,,,,,,,,,,,,,,,,,,,,,,,,,,,,,,,,,,,,,,,,関連表1_A(コントロール)_XR2.xlsx,,,,,,YES,,,,,,,,,,YES,,,,,,,,,,,,,,,,,,,,,,1,*,*,,,,,,,,,,,,,,,,,,,,,,,,,,,,,,,,,,,,,,,,,,,,,,,,
,MSTR-009-0147100,,,,,,,,,,,,,,,,,,,,,,,,,,,,,,,,,,,,,,,,,,,,,,,,,,,,,,,,,,,,,,,,,,,,,,,,,,,,,,,,,,,,,,,,,,関連表1_A(コントロール)_XR2.xlsx,,,,,,YES,,,,,,,,,strg固定式パドル: w,,,,,,,,,,,,,,,,,,,,,,,,,,,,1,,,,,,,,,,,,,,,,,,,,,,,,,,,,,,,,,,,,,,,,,,,,,
,MSTR-009-0147100_d0001,,,,,,,,,,,,,,,,,,,,,,,,,,,,,,,,,,,,,,,,,,,,,,,,,,,,,,,,,,,,,,,,,,,,,,,,,,,,,,,,,,,,,,,,,,関連表1_A(コントロール)_XR2.xlsx,,,,,,YES,,,,,,,,,strg固定式パドル: w,,,,,,,,,,,,,,,,,,,,,,,,,1,,,,,,,,,,,,,,,,,,,,,,,,,,,,,,,,,,,,,,,,,,,,,,,,
,MSTR-009-0147200,,,,,,,,,,,,,,,,,,,,,,,,,,,,,,,,,,,,,,,,,,,,,,,,,,,,,,,,,,,,,,,,,,,,,,,,,,,,,,,,,,,,,,,,,,関連表1_A(コントロール)_XR2.xlsx,,,,,,YES,,,,,,,,,strg固定式パドル: w,,,,,,,,,,,,,,,,,,,,,,,,,,,,1,,,,,,,,,,,,,,,,,,,,,,,,,,,,,,,,,,,,,,,,,,,,,
,MSTR-009-0147200_d0001,,,,,,,,,,,,,,,,,,,,,,,,,,,,,,,,,,,,,,,,,,,,,,,,,,,,,,,,,,,,,,,,,,,,,,,,,,,,,,,,,,,,,,,,,,関連表1_A(コントロール)_XR2.xlsx,,,,,,YES,,,,,,,,,strg固定式パドル: w,,,,,,,,,,,,,,,,,,,,,,,,,1,,,,,,,,,,,,,,,,,,,,,,,,,,,,,,,,,,,,,,,,,,,,,,,,
,MSTR-009-0147300,,,,,,,,,,,,,,,,,,,,,,,,,,,,,,,,,,,,,,,,,,,,,,,,,,,,,,,,,,,,,,,,,,,,,,,,,,,,,,,,,,,,,,,,,,関連表1_A(コントロール)_XR2.xlsx,,,,,,YES,,,,,,,,,strg固定式パドル: w,,,,,,,,,,,,,,,,,,,,,,,,,,,,1,,,,,,,,,,,,,,,,,,,,,,,,,,,,,,,,,,,,,,,,,,,,,
,MSTR-009-0147300_d0001,,,,,,,,,,,,,,,,,,,,,,,,,,,,,,,,,,,,,,,,,,,,,,,,,,,,,,,,,,,,,,,,,,,,,,,,,,,,,,,,,,,,,,,,,,関連表1_A(コントロール)_XR2.xlsx,,,,,,YES,,,,,,,,,strg固定式パドル: w,,,,,,,,,,,,,,,,,,,,,,,,,1,,,,,,,,,,,,,,,,,,,,,,,,,,,,,,,,,,,,,,,,,,,,,,,,
,MSTR-009-0147400,,,,,,,,,,,,,,,,,,,,,,,,,,,,,,,,,,,,,,,,,,,,,,,,,,,,,,,,,,,,,,,,,,,,,,,,,,,,,,,,,,,,,,,,,,関連表1_A(コントロール)_XR2.xlsx,,,,,,YES,,,,,,,,,strg固定式パドル: w,,,,,,,,,,,,,,,,,,,,,,,,,,,,1,,,,,,,,,,,,,,,,,,,,,,,,,,,,,,,,,,,,,,,,,,,,,
,MSTR-009-0147400_d0001,,,,,,,,,,,,,,,,,,,,,,,,,,,,,,,,,,,,,,,,,,,,,,,,,,,,,,,,,,,,,,,,,,,,,,,,,,,,,,,,,,,,,,,,,,関連表1_A(コントロール)_XR2.xlsx,,,,,,YES,,,,,,,,,strg固定式パドル: w,,,,,,,,,,,,,,,,,,,,,,,,,1,,,,,,,,,,,,,,,,,,,,,,,,,,,,,,,,,,,,,,,,,,,,,,,,
,MSTR-009-0147500,,,,,,,,,,,,,,,,,,,,,,,,,,,,,,,,,,,,,,,,,,,,,,,,,,,,,,,,,,,,,,,,,,,,,,,,,,,,,,,,,,,,,,,,,,関連表1_A(コントロール)_XR2.xlsx,,,,,,YES,,,,,,,,,,YES,,,,,,,,,,,,,,,,,,,,,,,,,1,*,*,,,,,,,,,,,,,,,,,,,,,,,,,,,,,,,,,,,,,,,,,,,,,
,MSTR-009-0147500_d0001,,,,,,,,,,,,,,,,,,,,,,,,,,,,,,,,,,,,,,,,,,,,,,,,,,,,,,,,,,,,,,,,,,,,,,,,,関連表1_A(コントロール)_XR2.xlsx,,,,,,YES,,,,,,,,,,,,,,,,,,,,,,,,,,,,,,,,,,,,,,,,,,,,,,,,,,,1,,,,,,,,,,,,,,,,,,,,,,,,,,,,,,,,,,,,,,,,,,,,,,,,
,MSTR-009-0147500_d0002,,,,,,,,,,,,,,,,,,,,,,,,,,,,,,,,,,,,,,,,,,,,,,,,,,,,,,,,,,,,,,,,,,,,,,,,,,,,,,,,,,,,,,,,,,関連表1_A(コントロール)_XR2.xlsx,,,,,,YES,,,,,,,,,,YES,,,,,,,,,,,,,,,,,,,,,,1,*,*,,,,,,,,,,,,,,,,,,,,,,,,,,,,,,,,,,,,,,,,,,,,,,,,
,MSTR-009-0147600,,,,,,,,,,,,,,,,,,,,,,,,,,,,,,,,,,,,,,,,,,,,,,,,,,,,,,,,,,,,,,,,,,,,,,,,,関連表1_A(コントロール)_XR2.xlsx,,,,,,YES,,,,,,,,,,,,,,,,,,,,,,,,,,,,,,,,,,,,,,,,,,,,,,,,,,,1,,,,,,,,,,,,,,,,,,,,,,,,,,,,,,,,,,,,,,,,,,,,,,,,
,MSTR-009-0147600_d0001,,,,,,,,,,,,,,,,,,,,,,,,,,,,,,,,,,,,,,,,,,,,,,,,,,,,,,,,,,,,,,,,,,,,,,,,,,,,,,,,,,,,,,,,,,関連表1_A(コントロール)_XR2.xlsx,,,,,,YES,,,,,,,,,,YES,,,,,,,,,,,,,,,,,,,,,,,,,1,*,*,,,,,,,,,,,,,,,,,,,,,,,,,,,,,,,,,,,,,,,,,,,,,
,MSTR-009-0147600_d0002,,,,,,,,,,,,,,,,,,,,,,,,,,,,,,,,,,,,,,,,,,,,,,,,,,,,,,,,,,,,,,,,,,,,,,,,,,,,,,,,,,,,,,,,,,関連表1_A(コントロール)_XR2.xlsx,,,,,,YES,,,,,,,,,,YES,,,,,,,,,,,,,,,,,,,,,,1,*,*,,,,,,,,,,,,,,,,,,,,,,,,,,,,,,,,,,,,,,,,,,,,,,,,
,MSTR-009-0147700,,,,,,,,,,,,,,,,,,,,,,,,,,,,,,,,,,,,,,,,,,,,,,,,,,,,,,,,,,,,,,,,,,,,,,,,,,,,,,,,,,,,,,,,,,関連表1_A(コントロール)_XR2.xlsx,,,,,,YES,,,,,,,,,,YES,,,,,,,,,,,,,,,,,,,,,,,,,1,*,*,,,,,,,,,,,,,,,,,,,,,,,,,,,,,,,,,,,,,,,,,,,,,
,MSTR-009-0147700_d0001,,,,,,,,,,,,,,,,,,,,,,,,,,,,,,,,,,,,,,,,,,,,,,,,,,,,,,,,,,,,,,,,,,,,,,,,,関連表1_A(コントロール)_XR2.xlsx,,,,,,YES,,,,,,,,,,,,,,,,,,,,,,,,,,,,,,,,,,,,,,,,,,,,,,,,,,,1,,,,,,,,,,,,,,,,,,,,,,,,,,,,,,,,,,,,,,,,,,,,,,,,
,MSTR-009-0147700_d0002,,,,,,,,,,,,,,,,,,,,,,,,,,,,,,,,,,,,,,,,,,,,,,,,,,,,,,,,,,,,,,,,,,,,,,,,,,,,,,,,,,,,,,,,,,関連表1_A(コントロール)_XR2.xlsx,,,,,,YES,,,,,,,,,,YES,,,,,,,,,,,,,,,,,,,,,,1,*,*,,,,,,,,,,,,,,,,,,,,,,,,,,,,,,,,,,,,,,,,,,,,,,,,
,MSTR-009-0147800,,,,,,,,,,,,,,,,,,,,,,,,,,,,,,,,,,,,,,,,,,,,,,,,,,,,,,,,,,,,,,,,,,,,,,,,,関連表1_A(コントロール)_XR2.xlsx,,,,,,YES,,,,,,,,,,,,,,,,,,,,,,,,,,,,,,,,,,,,,,,,,,,,,,,,,,,1,,,,,,,,,,,,,,,,,,,,,,,,,,,,,,,,,,,,,,,,,,,,,,,,
,MSTR-009-0147800_d0001,,,,,,,,,,,,,,,,,,,,,,,,,,,,,,,,,,,,,,,,,,,,,,,,,,,,,,,,,,,,,,,,,,,,,,,,,,,,,,,,,,,,,,,,,,関連表1_A(コントロール)_XR2.xlsx,,,,,,YES,,,,,,,,,,YES,,,,,,,,,,,,,,,,,,,,,,,,,1,*,*,,,,,,,,,,,,,,,,,,,,,,,,,,,,,,,,,,,,,,,,,,,,,
,MSTR-009-0147800_d0002,,,,,,,,,,,,,,,,,,,,,,,,,,,,,,,,,,,,,,,,,,,,,,,,,,,,,,,,,,,,,,,,,,,,,,,,,,,,,,,,,,,,,,,,,,関連表1_A(コントロール)_XR2.xlsx,,,,,,YES,,,,,,,,,,YES,,,,,,,,,,,,,,,,,,,,,,1,*,*,,,,,,,,,,,,,,,,,,,,,,,,,,,,,,,,,,,,,,,,,,,,,,,,
,MSTR-009-0147900,,,,,,,,,,,,,,,,,,,,,,,,,,,,,,,,,,,,,,,,,,,,,,,,,,,,,,,,,,,,,,,,,,,,,,,,,関連表1_A(コントロール)_XR2.xlsx,,,,,,YES,,,,,,,,,,,,,,,,,,,,,,,,,,,,,,,,,,,,,,,,,,,,,,,,,,,1,,,,,,,,,,,,,,,,,,,,,,,,,,,,,,,,,,,,,,,,,,,,,,,,
,MSTR-009-0147900_d0001,,,,,,,,,,,,,,,,,,,,,,,,,,,,,,,,,,,,,,,,,,,,,,,,,,,,,,,,,,,,,,,,,,,,,,,,,,,,,,,,,,,,,,,,,,関連表1_A(コントロール)_XR2.xlsx,,,,,,YES,,,,,,,,,,YES,,,,,,,,,,,,,,,,,,,,,,,,,1,*,*,,,,,,,,,,,,,,,,,,,,,,,,,,,,,,,,,,,,,,,,,,,,,
,MSTR-009-0147900_d0002,,,,,,,,,,,,,,,,,,,,,,,,,,,,,,,,,,,,,,,,,,,,,,,,,,,,,,,,,,,,,,,,,,,,,,,,,,,,,,,,,,,,,,,,,,関連表1_A(コントロール)_XR2.xlsx,,,,,,YES,,,,,,,,,,YES,,,,,,,,,,,,,,,,,,,,,,1,*,*,,,,,,,,,,,,,,,,,,,,,,,,,,,,,,,,,,,,,,,,,,,,,,,,
,MSTR-009-0148000,,,,,,,,,,,,,,,,,,,,,,,,,,,,,,,,,,,,,,,,,,,,,,,,,,,,,,,,,,,,,,,,,,,,,,,,,,,,,,,,,,,,,,,,,,関連表1_A(コントロール)_XR2.xlsx,,,,,,YES,,,,,,,,,,,,,,,,,,,,,,,,,,,,,,,,,,,1,*,*,,,,,,,,,,,,,,,,,,,,,,,,,,,,,,,,,,,,,,,,,,,,,
,MSTR-009-0148000_d0001,,,,,,,,,,,,,,,,,,,,,,,,,,,,,,,,,,,,,,,,,,,,,,,,,,,,,,,,,,,,,,,,,,,,,,,,,関連表1_A(コントロール)_XR2.xlsx,,,,,,YES,,,,,,,,,,,,,,,,,,,,,,,,,,,,,,,,,,,,,,,,,,,,,,,,,,,1,,,,,,,,,,,,,,,,,,,,,,,,,,,,,,,,,,,,,,,,,,,,,,,,
,MSTR-009-0148000_d0002,,,,,,,,,,,,,,,,,,,,,,,,,,,,,,,,,,,,,,,,,,,,,,,,,,,,,,,,,,,,,,,,,,,,,,,,,,,,,,,,,,,,,,,,,,関連表1_A(コントロール)_XR2.xlsx,,,,,,YES,,,,,,,,,,,,,,,,,,,,,,,,,,,,,,,,1,*,*,,,,,,,,,,,,,,,,,,,,,,,,,,,,,,,,,,,,,,,,,,,,,,,,
,MSTR-009-0148100,,,,,,,,,,,,,,,,,,,,,,,,,,,,,,,,,,,,,,,,,,,,,,,,,,,,,,,,,,,,,,,,,,,,,,,,,,,,,,,,,,,,,,,,,,関連表1_A(コントロール)_XR2.xlsx,,,,,,YES,,,,,,,,,,,,,,,,,,,,,,,,,,,,,,,,,,,1,*,*,,,,,,,,,,,,,,,,,,,,,,,,,,,,,,,,,,,,,,,,,,,,,
,MSTR-009-0148100_d0001,,,,,,,,,,,,,,,,,,,,,,,,,,,,,,,,,,,,,,,,,,,,,,,,,,,,,,,,,,,,,,,,,,,,,,,,,関連表1_A(コントロール)_XR2.xlsx,,,,,,YES,,,,,,,,,,,,,,,,,,,,,,,,,,,,,,,,,,,,,,,,,,,,,,,,,,,1,,,,,,,,,,,,,,,,,,,,,,,,,,,,,,,,,,,,,,,,,,,,,,,,
,MSTR-009-0148100_d0002,,,,,,,,,,,,,,,,,,,,,,,,,,,,,,,,,,,,,,,,,,,,,,,,,,,,,,,,,,,,,,,,,,,,,,,,,,,,,,,,,,,,,,,,,,関連表1_A(コントロール)_XR2.xlsx,,,,,,YES,,,,,,,,,,,,,,,,,,,,,,,,,,,,,,,,1,*,*,,,,,,,,,,,,,,,,,,,,,,,,,,,,,,,,,,,,,,,,,,,,,,,,
,MSTR-009-0148200,,,,,,,,,,,,,,,,,,,,,,,,,,,,,,,,,,,,,,,,,,,,,,,,,,,,,,,,,,,,,,,,,,,,,,,,,,,,,,,,,,,,,,,,,,関連表1_A(コントロール)_XR2.xlsx,,,,,,YES,,,,,,,,,,YES,,,,,,,,,,,,,,,,,,,,,,,,,1,*,*,,,,,,,,,,,,,,,,,,,,,,,,,,,,,,,,,,,,,,,,,,,,,
,MSTR-009-0148200_d0001,,,,,,,,,,,,,,,,,,,,,,,,,,,,,,,,,,,,,,,,,,,,,,,,,,,,,,,,,,,,,,,,,,,,,,,,,関連表1_A(コントロール)_XR2.xlsx,,,,,,YES,,,,,,,,,,,,,,,,,,,,,,,,,,,,,,,,,,,,,,,,,,,,,,,,,,,1,,,,,,,,,,,,,,,,,,,,,,,,,,,,,,,,,,,,,,,,,,,,,,,,
,MSTR-009-0148200_d0002,,,,,,,,,,,,,,,,,,,,,,,,,,,,,,,,,,,,,,,,,,,,,,,,,,,,,,,,,,,,,,,,,,,,,,,,,,,,,,,,,,,,,,,,,,関連表1_A(コントロール)_XR2.xlsx,,,,,,YES,,,,,,,,,,YES,,,,,,,,,,,,,,,,,,,,,,1,*,*,,,,,,,,,,,,,,,,,,,,,,,,,,,,,,,,,,,,,,,,,,,,,,,,
,MSTR-009-0148300,,,,,,,,,,,,,,,,,,,,,,,,,,,,,,,,,,,,,,,,,,,,,,,,,,,,,,,,,,,,,,,,,,,,,,,,,,,,,,,,,,,,,,,,,,関連表1_A(コントロール)_XR2.xlsx,,,,,,YES,,,,,,,,,"handle: lhd, axle: awd, pkb hand,foot: -, rr brake unit: -",YES,,,,,,,,,"handle: lhd, axle: awd, pkb hand,foot: -, rr brake unit: -",,,,,,,,,,,,,,,,,1,*,,,,,,,,,,,,,,,,,,,,,,,,,,,,,,,,,,,,,,,,,,,,,
,MSTR-009-0148300_d0001,,,,,,,,,,,,,,,,,,,,,,,,,,,,,,,,,,,,,,,,,,,,,,,,,,,,,,,,,,,,,,,,,,,,,,,,,関連表1_A(コントロール)_XR2.xlsx,,,,,,YES,,,,,,,,,,"handle: lhd, axle: awd, pkb hand,foot: -, rr brake unit: -",,,,,,,,,,,,,,,,,,,,,,,,,,,,,,,,,,,,,,,,,1,,,,,,,,,,,,,,,,,,,,,,,,,,,,,,,,,,,,,,,,,,,,,,,,
,MSTR-009-0148300_d0002,,,,,,,,,,,,,,,,,,,,,,,,,,,,,,,,,,,,,,,,,,,,,,,,,,,,,,,,,,,,,,,,,,,,,,,,,,,,,,,,,,,,,,,,,,関連表1_A(コントロール)_XR2.xlsx,,,,,,YES,,,,,,,,,"handle: lhd, axle: 2wd, pkb hand,foot: -, rr brake unit: -",YES,,,,,,,,,"handle: lhd, axle: 2wd, pkb hand,foot: -, rr brake unit: -",,,,,,,,,,,,,,,,1,,,,,,,,,,,,,,,,,,,,,,,,,,,,,,,,,,,,,,,,,,,,,,,
,MSTR-009-0148300_d0003,,,,,,,,,,,,,,,,,,,,,,,,,,,,,,,,,,,,,,,,,,,,,,,,,,,,,,,,,,,,,,,,,,,,,,,,,,,,,,,,,,,,,,,,,,関連表1_A(コントロール)_XR2.xlsx,,,,,,YES,,,,,,,,,"handle: lhd, axle: awd, pkb hand,foot: -, rr brake unit: -",YES,,,,,,,,,"handle: lhd, axle: awd, pkb hand,foot: -, rr brake unit: -",,,,,,,,,,,,,,1,*,,,,,,,,,,,,,,,,,,,,,,,,,,,,,,,,,,,,,,,,,,,,,,,,
,MSTR-009-0148300_d0004,,,,,,,,,,,,,,,,,,,,,,,,,,,,,,,,,,,,,,,,,,,,,,,,,,,,,,,,,,,,,,,,,,,,,,,,,,,,,,,,,,,,,,,,,,関連表1_A(コントロール)_XR2.xlsx,,,,,,YES,,,,,,,,,"handle: lhd, axle: 2wd, pkb hand,foot: -, rr brake unit: -",YES,,,,,,,,,"handle: lhd, axle: 2wd, pkb hand,foot: -, rr brake unit: -",,,,,,,,,,,,,1,,,,,,,,,,,,,,,,,,,,,,,,,,,,,,,,,,,,,,,,,,,,,,,,,,
,MSTR-009-0148400,,,,,,,,,,,,,,,,,,,,,,,,,,,,,,,,,,,,,,,,,,,,,,,,,,,,,,,,,,,,,,,,,,,,,,,,,,,,,,,,,,,,,,,,,,関連表1_A(コントロール)_XR2.xlsx,,,,,,YES,,,,,,,,,"handle: lhd, axle: awd, pkb hand,foot: -, rr brake unit: -",YES,,,,,,,,,"handle: lhd, axle: awd, pkb hand,foot: -, rr brake unit: -",,,,,,,,,,,,,,,,,1,*,,,,,,,,,,,,,,,,,,,,,,,,,,,,,,,,,,,,,,,,,,,,,
,MSTR-009-0148400_d0001,,,,,,,,,,,,,,,,,,,,,,,,,,,,,,,,,,,,,,,,,,,,,,,,,,,,,,,,,,,,,,,,,,,,,,,,,関連表1_A(コントロール)_XR2.xlsx,,,,,,YES,,,,,,,,,,"handle: lhd, axle: awd, pkb hand,foot: -, rr brake unit: -",,,,,,,,,,,,,,,,,,,,,,,,,,,,,,,,,,,,,,,,,1,,,,,,,,,,,,,,,,,,,,,,,,,,,,,,,,,,,,,,,,,,,,,,,,
,MSTR-009-0148400_d0002,,,,,,,,,,,,,,,,,,,,,,,,,,,,,,,,,,,,,,,,,,,,,,,,,,,,,,,,,,,,,,,,,,,,,,,,,,,,,,,,,,,,,,,,,,関連表1_A(コントロール)_XR2.xlsx,,,,,,YES,,,,,,,,,"handle: lhd, axle: 2wd, pkb hand,foot: -, rr brake unit: -",YES,,,,,,,,,"handle: lhd, axle: 2wd, pkb hand,foot: -, rr brake unit: -",,,,,,,,,,,,,,,,1,,,,,,,,,,,,,,,,,,,,,,,,,,,,,,,,,,,,,,,,,,,,,,,
,MSTR-009-0148400_d0003,,,,,,,,,,,,,,,,,,,,,,,,,,,,,,,,,,,,,,,,,,,,,,,,,,,,,,,,,,,,,,,,,,,,,,,,,,,,,,,,,,,,,,,,,,関連表1_A(コントロール)_XR2.xlsx,,,,,,YES,,,,,,,,,"handle: lhd, axle: awd, pkb hand,foot: -, rr brake unit: -",YES,,,,,,,,,"handle: lhd, axle: awd, pkb hand,foot: -, rr brake unit: -",,,,,,,,,,,,,,1,*,,,,,,,,,,,,,,,,,,,,,,,,,,,,,,,,,,,,,,,,,,,,,,,,
,MSTR-009-0148400_d0004,,,,,,,,,,,,,,,,,,,,,,,,,,,,,,,,,,,,,,,,,,,,,,,,,,,,,,,,,,,,,,,,,,,,,,,,,,,,,,,,,,,,,,,,,,関連表1_A(コントロール)_XR2.xlsx,,,,,,YES,,,,,,,,,"handle: lhd, axle: 2wd, pkb hand,foot: -, rr brake unit: -",YES,,,,,,,,,"handle: lhd, axle: 2wd, pkb hand,foot: -, rr brake unit: -",,,,,,,,,,,,,1,,,,,,,,,,,,,,,,,,,,,,,,,,,,,,,,,,,,,,,,,,,,,,,,,,
,MSTR-009-0148500,,,,,,,,,,,,,,,,,,,,,,,,,,,,,,,,,,,,,,,,,,,,,,,,,,,,,,,,,,,,,,,,,,,,,,,,,,,,,,,,,,,,,,,,,,関連表1_A(コントロール)_XR2.xlsx,,,,,,YES,,,,,,,,,"handle: lhd, axle: awd, pkb hand,foot: -, rr brake unit: -",,,,,,,,,,,,,,,,,,,,,,,,,,,1,*,,,,,,,,,,,,,,,,,,,,,,,,,,,,,,,,,,,,,,,,,,,,,
,MSTR-009-0148500_d0001,,,,,,,,,,,,,,,,,,,,,,,,,,,,,,,,,,,,,,,,,,,,,,,,,,,,,,,,,,,,,,,,,,,,,,,,,関連表1_A(コントロール)_XR2.xlsx,,,,,,YES,,,,,,,,,,"handle: lhd, axle: awd, pkb hand,foot: -, rr brake unit: -",,,,,,,,,,,,,,,,,,,,,,,,,,,,,,,,,,,,,,,,,1,,,,,,,,,,,,,,,,,,,,,,,,,,,,,,,,,,,,,,,,,,,,,,,,
,MSTR-009-0148500_d0002,,,,,,,,,,,,,,,,,,,,,,,,,,,,,,,,,,,,,,,,,,,,,,,,,,,,,,,,,,,,,,,,,,,,,,,,,,,,,,,,,,,,,,,,,,関連表1_A(コントロール)_XR2.xlsx,,,,,,YES,,,,,,,,,"handle: lhd, axle: 2wd, pkb hand,foot: -, rr brake unit: -",,,,,,,,,,,,,,,,,,,,,,,,,,1,,,,,,,,,,,,,,,,,,,,,,,,,,,,,,,,,,,,,,,,,,,,,,,
,MSTR-009-0148500_d0003,,,,,,,,,,,,,,,,,,,,,,,,,,,,,,,,,,,,,,,,,,,,,,,,,,,,,,,,,,,,,,,,,,,,,,,,,,,,,,,,,,,,,,,,,,関連表1_A(コントロール)_XR2.xlsx,,,,,,YES,,,,,,,,,"handle: lhd, axle: awd, pkb hand,foot: -, rr brake unit: -",,,,,,,,,,,,,,,,,,,,,,,,1,*,,,,,,,,,,,,,,,,,,,,,,,,,,,,,,,,,,,,,,,,,,,,,,,,
,MSTR-009-0148500_d0004,,,,,,,,,,,,,,,,,,,,,,,,,,,,,,,,,,,,,,,,,,,,,,,,,,,,,,,,,,,,,,,,,,,,,,,,,,,,,,,,,,,,,,,,,,関連表1_A(コントロール)_XR2.xlsx,,,,,,YES,,,,,,,,,"handle: lhd, axle: 2wd, pkb hand,foot: -, rr brake unit: -",,,,,,,,,,,,,,,,,,,,,,,1,,,,,,,,,,,,,,,,,,,,,,,,,,,,,,,,,,,,,,,,,,,,,,,,,,
,MSTR-009-0148600,,,,,,,,,,,,,,,,,,,,,,,,,,,,,,,,,,,,,,,,,,,,,,,,,,,,,,,,,,,,,,,,,,,,,,,,,関連表1_A(コントロール)_XR2.xlsx,,,,,,YES,,,,,,,,,,"handle: lhd, axle: awd, pkb hand,foot: -, rr brake unit: -",,,,,,,,,,,,,,,,,,,,,,,,,,,,,,,,,,,,,,,,,1,,,,,,,,,,,,,,,,,,,,,,,,,,,,,,,,,,,,,,,,,,,,,,,,
,MSTR-009-0148600_d0001,,,,,,,,,,,,,,,,,,,,,,,,,,,,,,,,,,,,,,,,,,,,,,,,,,,,,,,,,,,,,,,,,,,,,,,,,,,,,,,,,,,,,,,,,,関連表1_A(コントロール)_XR2.xlsx,,,,,,YES,,,,,,,,,"handle: lhd, axle: awd, pkb hand,foot: -, rr brake unit: -",,,,,,,,,,,,,,,,,,,,,,,,,,,1,*,,,,,,,,,,,,,,,,,,,,,,,,,,,,,,,,,,,,,,,,,,,,,
,MSTR-009-0148600_d0002,,,,,,,,,,,,,,,,,,,,,,,,,,,,,,,,,,,,,,,,,,,,,,,,,,,,,,,,,,,,,,,,,,,,,,,,,,,,,,,,,,,,,,,,,,関連表1_A(コントロール)_XR2.xlsx,,,,,,YES,,,,,,,,,"handle: lhd, axle: 2wd, pkb hand,foot: -, rr brake unit: -",,,,,,,,,,,,,,,,,,,,,,,,,,1,,,,,,,,,,,,,,,,,,,,,,,,,,,,,,,,,,,,,,,,,,,,,,,
,MSTR-009-0148600_d0003,,,,,,,,,,,,,,,,,,,,,,,,,,,,,,,,,,,,,,,,,,,,,,,,,,,,,,,,,,,,,,,,,,,,,,,,,,,,,,,,,,,,,,,,,,関連表1_A(コントロール)_XR2.xlsx,,,,,,YES,,,,,,,,,"handle: lhd, axle: awd, pkb hand,foot: -, rr brake unit: -",,,,,,,,,,,,,,,,,,,,,,,,1,*,,,,,,,,,,,,,,,,,,,,,,,,,,,,,,,,,,,,,,,,,,,,,,,,
,MSTR-009-0148600_d0004,,,,,,,,,,,,,,,,,,,,,,,,,,,,,,,,,,,,,,,,,,,,,,,,,,,,,,,,,,,,,,,,,,,,,,,,,,,,,,,,,,,,,,,,,,関連表1_A(コントロール)_XR2.xlsx,,,,,,YES,,,,,,,,,"handle: lhd, axle: 2wd, pkb hand,foot: -, rr brake unit: -",,,,,,,,,,,,,,,,,,,,,,,1,,,,,,,,,,,,,,,,,,,,,,,,,,,,,,,,,,,,,,,,,,,,,,,,,,
,MSTR-009-0148700,,,,,,,,,,,,,,,,,,,,,,,,,,,,,,,,,,,,,,,,,,,,,,,,,,,,,,,,,,,,,,,,,,,,,,,,,,,,,,,,,,,,,,,,,,関連表1_A(コントロール)_XR2.xlsx,,,,,,YES,,,,,,,,,"handle: lhd, axle: awd, pkb hand,foot: -, rr brake unit: -",,,,,,,,,,,,,,,,,,,,,,,,,,,1,*,,,,,,,,,,,,,,,,,,,,,,,,,,,,,,,,,,,,,,,,,,,,,
,MSTR-009-0148700_d0001,,,,,,,,,,,,,,,,,,,,,,,,,,,,,,,,,,,,,,,,,,,,,,,,,,,,,,,,,,,,,,,,,,,,,,,,,関連表1_A(コントロール)_XR2.xlsx,,,,,,YES,,,,,,,,,,"handle: lhd, axle: awd, pkb hand,foot: -, rr brake unit: -",,,,,,,,,,,,,,,,,,,,,,,,,,,,,,,,,,,,,,,,,1,,,,,,,,,,,,,,,,,,,,,,,,,,,,,,,,,,,,,,,,,,,,,,,,
,MSTR-009-0148700_d0002,,,,,,,,,,,,,,,,,,,,,,,,,,,,,,,,,,,,,,,,,,,,,,,,,,,,,,,,,,,,,,,,,,,,,,,,,,,,,,,,,,,,,,,,,,関連表1_A(コントロール)_XR2.xlsx,,,,,,YES,,,,,,,,,"handle: lhd, axle: 2wd, pkb hand,foot: -, rr brake unit: -",,,,,,,,,,,,,,,,,,,,,,,,,,1,,,,,,,,,,,,,,,,,,,,,,,,,,,,,,,,,,,,,,,,,,,,,,,
,MSTR-009-0148700_d0003,,,,,,,,,,,,,,,,,,,,,,,,,,,,,,,,,,,,,,,,,,,,,,,,,,,,,,,,,,,,,,,,,,,,,,,,,,,,,,,,,,,,,,,,,,関連表1_A(コントロール)_XR2.xlsx,,,,,,YES,,,,,,,,,"handle: lhd, axle: awd, pkb hand,foot: -, rr brake unit: -",,,,,,,,,,,,,,,,,,,,,,,,1,*,,,,,,,,,,,,,,,,,,,,,,,,,,,,,,,,,,,,,,,,,,,,,,,,
,MSTR-009-0148700_d0004,,,,,,,,,,,,,,,,,,,,,,,,,,,,,,,,,,,,,,,,,,,,,,,,,,,,,,,,,,,,,,,,,,,,,,,,,,,,,,,,,,,,,,,,,,関連表1_A(コントロール)_XR2.xlsx,,,,,,YES,,,,,,,,,"handle: lhd, axle: 2wd, pkb hand,foot: -, rr brake unit: -",,,,,,,,,,,,,,,,,,,,,,,1,,,,,,,,,,,,,,,,,,,,,,,,,,,,,,,,,,,,,,,,,,,,,,,,,,
,MSTR-009-0148800,,,,,,,,,,,,,,,,,,,,,,,,,,,,,,,,,,,,,,,,,,,,,,,,,,,,,,,,,,,,,,,,,,,,,,,,,,,,,,,,,,,,,,,,,,関連表1_A(コントロール)_XR2.xlsx,,,,,,YES,,,,,,,,,"handle: lhd, axle: awd, pkb hand,foot: -, rr brake unit: -",,,,,,,,,,,,,,,,,,,,,,,,,,,1,*,,,,,,,,,,,,,,,,,,,,,,,,,,,,,,,,,,,,,,,,,,,,,
,MSTR-009-0148800_d0001,,,,,,,,,,,,,,,,,,,,,,,,,,,,,,,,,,,,,,,,,,,,,,,,,,,,,,,,,,,,,,,,,,,,,,,,,関連表1_A(コントロール)_XR2.xlsx,,,,,,YES,,,,,,,,,,"handle: lhd, axle: awd, pkb hand,foot: -, rr brake unit: -",,,,,,,,,,,,,,,,,,,,,,,,,,,,,,,,,,,,,,,,,1,,,,,,,,,,,,,,,,,,,,,,,,,,,,,,,,,,,,,,,,,,,,,,,,
,MSTR-009-0148800_d0002,,,,,,,,,,,,,,,,,,,,,,,,,,,,,,,,,,,,,,,,,,,,,,,,,,,,,,,,,,,,,,,,,,,,,,,,,,,,,,,,,,,,,,,,,,関連表1_A(コントロール)_XR2.xlsx,,,,,,YES,,,,,,,,,"handle: lhd, axle: 2wd, pkb hand,foot: -, rr brake unit: -",,,,,,,,,,,,,,,,,,,,,,,,,,1,,,,,,,,,,,,,,,,,,,,,,,,,,,,,,,,,,,,,,,,,,,,,,,
,MSTR-009-0148800_d0003,,,,,,,,,,,,,,,,,,,,,,,,,,,,,,,,,,,,,,,,,,,,,,,,,,,,,,,,,,,,,,,,,,,,,,,,,,,,,,,,,,,,,,,,,,関連表1_A(コントロール)_XR2.xlsx,,,,,,YES,,,,,,,,,"handle: lhd, axle: awd, pkb hand,foot: -, rr brake unit: -",,,,,,,,,,,,,,,,,,,,,,,,1,*,,,,,,,,,,,,,,,,,,,,,,,,,,,,,,,,,,,,,,,,,,,,,,,,
,MSTR-009-0148800_d0004,,,,,,,,,,,,,,,,,,,,,,,,,,,,,,,,,,,,,,,,,,,,,,,,,,,,,,,,,,,,,,,,,,,,,,,,,,,,,,,,,,,,,,,,,,関連表1_A(コントロール)_XR2.xlsx,,,,,,YES,,,,,,,,,"handle: lhd, axle: 2wd, pkb hand,foot: -, rr brake unit: -",,,,,,,,,,,,,,,,,,,,,,,1,,,,,,,,,,,,,,,,,,,,,,,,,,,,,,,,,,,,,,,,,,,,,,,,,,
,MSTR-009-0148900,,,,,,,,,,,,,,,,,,,,,,,,,,,,,,,,,,,,,,,,,,,,,,,,,,,,,,,,,,,,,,,,,,,,,,,,,,,,,,,,,,,,,,,,,,関連表1_A(コントロール)_XR2.xlsx,,,,,,YES,,,,,,,,,"handle: lhd, axle: awd, pkb hand,foot: -, rr brake unit: -",YES,,,,,,,,,"handle: lhd, axle: awd, pkb hand,foot: -, rr brake unit: -",,,,,,,,,,,,,,,,,1,*,,,,,,,,,,,,,,,,,,,,,,,,,,,,,,,,,,,,,,,,,,,,,
,MSTR-009-0148900_d0001,,,,,,,,,,,,,,,,,,,,,,,,,,,,,,,,,,,,,,,,,,,,,,,,,,,,,,,,,,,,,,,,,,,,,,,,,関連表1_A(コントロール)_XR2.xlsx,,,,,,YES,,,,,,,,,,"handle: lhd, axle: awd, pkb hand,foot: -, rr brake unit: -",,,,,,,,,,,,,,,,,,,,,,,,,,,,,,,,,,,,,,,,,1,,,,,,,,,,,,,,,,,,,,,,,,,,,,,,,,,,,,,,,,,,,,,,,,
,MSTR-009-0148900_d0002,,,,,,,,,,,,,,,,,,,,,,,,,,,,,,,,,,,,,,,,,,,,,,,,,,,,,,,,,,,,,,,,,,,,,,,,,,,,,,,,,,,,,,,,,,関連表1_A(コントロール)_XR2.xlsx,,,,,,YES,,,,,,,,,"handle: lhd, axle: 2wd, pkb hand,foot: -, rr brake unit: -",YES,,,,,,,,,"handle: lhd, axle: 2wd, pkb hand,foot: -, rr brake unit: -",,,,,,,,,,,,,,,,1,,,,,,,,,,,,,,,,,,,,,,,,,,,,,,,,,,,,,,,,,,,,,,,
,MSTR-009-0148900_d0003,,,,,,,,,,,,,,,,,,,,,,,,,,,,,,,,,,,,,,,,,,,,,,,,,,,,,,,,,,,,,,,,,,,,,,,,,,,,,,,,,,,,,,,,,,関連表1_A(コントロール)_XR2.xlsx,,,,,,YES,,,,,,,,,"handle: lhd, axle: awd, pkb hand,foot: -, rr brake unit: -",YES,,,,,,,,,"handle: lhd, axle: awd, pkb hand,foot: -, rr brake unit: -",,,,,,,,,,,,,,1,*,,,,,,,,,,,,,,,,,,,,,,,,,,,,,,,,,,,,,,,,,,,,,,,,
,MSTR-009-0148900_d0004,,,,,,,,,,,,,,,,,,,,,,,,,,,,,,,,,,,,,,,,,,,,,,,,,,,,,,,,,,,,,,,,,,,,,,,,,,,,,,,,,,,,,,,,,,関連表1_A(コントロール)_XR2.xlsx,,,,,,YES,,,,,,,,,"handle: lhd, axle: 2wd, pkb hand,foot: -, rr brake unit: -",YES,,,,,,,,,"handle: lhd, axle: 2wd, pkb hand,foot: -, rr brake unit: -",,,,,,,,,,,,,1,,,,,,,,,,,,,,,,,,,,,,,,,,,,,,,,,,,,,,,,,,,,,,,,,,
,MSTR-009-0149000,,,,,,,,,,,,,,,,,,,,,,,,,,,,,,,,,,,,,,,,,,,,,,,,,,,,,,,,,,,,,,,,,,,,,,,,,,,,,,,,,,,,,,,,,,関連表1_A(コントロール)_XR2.xlsx,,,,,,YES,,,,,,,,,"axle: awd, epkb: w, rr brake unit: -",YES,,,,,,,,,"axle: awd, epkb: w, rr brake unit: -",,,,,,,,,,,,,,,,,1,*,,,,,,,,,,,,,,,,,,,,,,,,,,,,,,,,,,,,,,,,,,,,,
,MSTR-009-0149000_d0001,,,,,,,,,,,,,,,,,,,,,,,,,,,,,,,,,,,,,,,,,,,,,,,,,,,,,,,,,,,,,,,,,,,,,,,,,関連表1_A(コントロール)_XR2.xlsx,,,,,,YES,,,,,,,,,,"axle: awd, epkb: w, rr brake unit: -",,,,,,,,,,,,,,,,,,,,,,,,,,,,,,,,,,,,,,,,,1,,,,,,,,,,,,,,,,,,,,,,,,,,,,,,,,,,,,,,,,,,,,,,,,
,MSTR-009-0149000_d0002,,,,,,,,,,,,,,,,,,,,,,,,,,,,,,,,,,,,,,,,,,,,,,,,,,,,,,,,,,,,,,,,,,,,,,,,,,,,,,,,,,,,,,,,,,関連表1_A(コントロール)_XR2.xlsx,,,,,,YES,,,,,,,,,"axle: 2wd, epkb: w, rr brake unit: -",YES,,,,,,,,,"axle: 2wd, epkb: w, rr brake unit: -",,,,,,,,,,,,,,,,1,,,,,,,,,,,,,,,,,,,,,,,,,,,,,,,,,,,,,,,,,,,,,,,
,MSTR-009-0149000_d0003,,,,,,,,,,,,,,,,,,,,,,,,,,,,,,,,,,,,,,,,,,,,,,,,,,,,,,,,,,,,,,,,,,,,,,,,,,,,,,,,,,,,,,,,,,関連表1_A(コントロール)_XR2.xlsx,,,,,,YES,,,,,,,,,"axle: awd, epkb: w, rr brake unit: -",YES,,,,,,,,,"axle: awd, epkb: w, rr brake unit: -",,,,,,,,,,,,,,1,*,,,,,,,,,,,,,,,,,,,,,,,,,,,,,,,,,,,,,,,,,,,,,,,,
,MSTR-009-0149000_d0004,,,,,,,,,,,,,,,,,,,,,,,,,,,,,,,,,,,,,,,,,,,,,,,,,,,,,,,,,,,,,,,,,,,,,,,,,,,,,,,,,,,,,,,,,,関連表1_A(コントロール)_XR2.xlsx,,,,,,YES,,,,,,,,,"axle: 2wd, epkb: w, rr brake unit: -",YES,,,,,,,,,"axle: 2wd, epkb: w, rr brake unit: -",,,,,,,,,,,,,1,,,,,,,,,,,,,,,,,,,,,,,,,,,,,,,,,,,,,,,,,,,,,,,,,,
,MSTR-009-0149200,,,,,,,,,,,,,,,,,,,,,,,,,,,,,,,,,,,,,,,,,,,,,,,,,,,,,,,,,,,,,,,,,,,,,,,,,,,,,,,,,,,,,,,,,,関連表1_A(コントロール)_XR2.xlsx,,,,,,YES,,,,,,,,,"axle: awd, epkb: w, rr brake unit: -",YES,,,,,,,,,"axle: awd, epkb: w, rr brake unit: -",,,,,,,,,,,,,,,,,1,*,,,,,,,,,,,,,,,,,,,,,,,,,,,,,,,,,,,,,,,,,,,,,
,MSTR-009-0149200_d0001,,,,,,,,,,,,,,,,,,,,,,,,,,,,,,,,,,,,,,,,,,,,,,,,,,,,,,,,,,,,,,,,,,,,,,,,,関連表1_A(コントロール)_XR2.xlsx,,,,,,YES,,,,,,,,,,"axle: awd, epkb: w, rr brake unit: -",,,,,,,,,,,,,,,,,,,,,,,,,,,,,,,,,,,,,,,,,1,,,,,,,,,,,,,,,,,,,,,,,,,,,,,,,,,,,,,,,,,,,,,,,,
,MSTR-009-0149200_d0002,,,,,,,,,,,,,,,,,,,,,,,,,,,,,,,,,,,,,,,,,,,,,,,,,,,,,,,,,,,,,,,,,,,,,,,,,,,,,,,,,,,,,,,,,,関連表1_A(コントロール)_XR2.xlsx,,,,,,YES,,,,,,,,,"axle: 2wd, epkb: w, rr brake unit: -",YES,,,,,,,,,"axle: 2wd, epkb: w, rr brake unit: -",,,,,,,,,,,,,,,,1,,,,,,,,,,,,,,,,,,,,,,,,,,,,,,,,,,,,,,,,,,,,,,,
,MSTR-009-0149200_d0003,,,,,,,,,,,,,,,,,,,,,,,,,,,,,,,,,,,,,,,,,,,,,,,,,,,,,,,,,,,,,,,,,,,,,,,,,,,,,,,,,,,,,,,,,,関連表1_A(コントロール)_XR2.xlsx,,,,,,YES,,,,,,,,,"axle: awd, epkb: w, rr brake unit: -",YES,,,,,,,,,"axle: awd, epkb: w, rr brake unit: -",,,,,,,,,,,,,,1,*,,,,,,,,,,,,,,,,,,,,,,,,,,,,,,,,,,,,,,,,,,,,,,,,
,MSTR-009-0149200_d0004,,,,,,,,,,,,,,,,,,,,,,,,,,,,,,,,,,,,,,,,,,,,,,,,,,,,,,,,,,,,,,,,,,,,,,,,,,,,,,,,,,,,,,,,,,関連表1_A(コントロール)_XR2.xlsx,,,,,,YES,,,,,,,,,"axle: 2wd, epkb: w, rr brake unit: -",YES,,,,,,,,,"axle: 2wd, epkb: w, rr brake unit: -",,,,,,,,,,,,,1,,,,,,,,,,,,,,,,,,,,,,,,,,,,,,,,,,,,,,,,,,,,,,,,,,
,MSTR-009-0149300,,,,,,,,,,,,,,,,,,,,,,,,,,,,,,,,,,,,,,,,,,,,,,,,,,,,,,,,,,,,,,,,,,,,,,,,,,,,,,,,,,,,,,,,,,関連表1_A(コントロール)_XR2.xlsx,,,,,,YES,,,,,,,,,"axle: awd, epkb: w, rr brake unit: -",,,,,,,,,,,,,,,,,,,,,,,,,,,1,*,,,,,,,,,,,,,,,,,,,,,,,,,,,,,,,,,,,,,,,,,,,,,
,MSTR-009-0149300_d0001,,,,,,,,,,,,,,,,,,,,,,,,,,,,,,,,,,,,,,,,,,,,,,,,,,,,,,,,,,,,,,,,,,,,,,,,,関連表1_A(コントロール)_XR2.xlsx,,,,,,YES,,,,,,,,,,"axle: awd, epkb: w, rr brake unit: -",,,,,,,,,,,,,,,,,,,,,,,,,,,,,,,,,,,,,,,,,1,,,,,,,,,,,,,,,,,,,,,,,,,,,,,,,,,,,,,,,,,,,,,,,,
,MSTR-009-0149300_d0002,,,,,,,,,,,,,,,,,,,,,,,,,,,,,,,,,,,,,,,,,,,,,,,,,,,,,,,,,,,,,,,,,,,,,,,,,,,,,,,,,,,,,,,,,,関連表1_A(コントロール)_XR2.xlsx,,,,,,YES,,,,,,,,,"axle: 2wd, epkb: w, rr brake unit: -",,,,,,,,,,,,,,,,,,,,,,,,,,1,,,,,,,,,,,,,,,,,,,,,,,,,,,,,,,,,,,,,,,,,,,,,,,
,MSTR-009-0149300_d0003,,,,,,,,,,,,,,,,,,,,,,,,,,,,,,,,,,,,,,,,,,,,,,,,,,,,,,,,,,,,,,,,,,,,,,,,,,,,,,,,,,,,,,,,,,関連表1_A(コントロール)_XR2.xlsx,,,,,,YES,,,,,,,,,"axle: awd, epkb: w, rr brake unit: -",,,,,,,,,,,,,,,,,,,,,,,,1,*,,,,,,,,,,,,,,,,,,,,,,,,,,,,,,,,,,,,,,,,,,,,,,,,
,MSTR-009-0149300_d0004,,,,,,,,,,,,,,,,,,,,,,,,,,,,,,,,,,,,,,,,,,,,,,,,,,,,,,,,,,,,,,,,,,,,,,,,,,,,,,,,,,,,,,,,,,関連表1_A(コントロール)_XR2.xlsx,,,,,,YES,,,,,,,,,"axle: 2wd, epkb: w, rr brake unit: -",,,,,,,,,,,,,,,,,,,,,,,1,,,,,,,,,,,,,,,,,,,,,,,,,,,,,,,,,,,,,,,,,,,,,,,,,,
,MSTR-009-0149500,,,,,,,,,,,,,,,,,,,,,,,,,,,,,,,,,,,,,,,,,,,,,,,,,,,,,,,,,,,,,,,,,,,,,,,,,,,,,,,,,,,,,,,,,,関連表1_A(コントロール)_XR2.xlsx,,,,,,YES,,,,,,,,,"axle: awd, epkb: w, rr brake unit: -",,,,,,,,,,,,,,,,,,,,,,,,,,,1,*,,,,,,,,,,,,,,,,,,,,,,,,,,,,,,,,,,,,,,,,,,,,,
,MSTR-009-0149500_d0001,,,,,,,,,,,,,,,,,,,,,,,,,,,,,,,,,,,,,,,,,,,,,,,,,,,,,,,,,,,,,,,,,,,,,,,,,関連表1_A(コントロール)_XR2.xlsx,,,,,,YES,,,,,,,,,,"axle: awd, epkb: w, rr brake unit: -",,,,,,,,,,,,,,,,,,,,,,,,,,,,,,,,,,,,,,,,,1,,,,,,,,,,,,,,,,,,,,,,,,,,,,,,,,,,,,,,,,,,,,,,,,
,MSTR-009-0149500_d0002,,,,,,,,,,,,,,,,,,,,,,,,,,,,,,,,,,,,,,,,,,,,,,,,,,,,,,,,,,,,,,,,,,,,,,,,,,,,,,,,,,,,,,,,,,関連表1_A(コントロール)_XR2.xlsx,,,,,,YES,,,,,,,,,"axle: 2wd, epkb: w, rr brake unit: -",,,,,,,,,,,,,,,,,,,,,,,,,,1,,,,,,,,,,,,,,,,,,,,,,,,,,,,,,,,,,,,,,,,,,,,,,,
,MSTR-009-0149500_d0003,,,,,,,,,,,,,,,,,,,,,,,,,,,,,,,,,,,,,,,,,,,,,,,,,,,,,,,,,,,,,,,,,,,,,,,,,,,,,,,,,,,,,,,,,,関連表1_A(コントロール)_XR2.xlsx,,,,,,YES,,,,,,,,,"axle: awd, epkb: w, rr brake unit: -",,,,,,,,,,,,,,,,,,,,,,,,1,*,,,,,,,,,,,,,,,,,,,,,,,,,,,,,,,,,,,,,,,,,,,,,,,,
,MSTR-009-0149500_d0004,,,,,,,,,,,,,,,,,,,,,,,,,,,,,,,,,,,,,,,,,,,,,,,,,,,,,,,,,,,,,,,,,,,,,,,,,,,,,,,,,,,,,,,,,,関連表1_A(コントロール)_XR2.xlsx,,,,,,YES,,,,,,,,,"axle: 2wd, epkb: w, rr brake unit: -",,,,,,,,,,,,,,,,,,,,,,,1,,,,,,,,,,,,,,,,,,,,,,,,,,,,,,,,,,,,,,,,,,,,,,,,,,
,MSTR-009-0149600,,,,,,,,,,,,,,,,,,,,,,,,,,,,,,,,,,,,,,,,,,,,,,,,,,,,,,,,,,,,,,,,,,,,,,,,,関連表1_A(コントロール)_XR2.xlsx,,,,,,YES,,,,,,,,,,"axle: awd, epkb: w, rr brake unit: -",,,,,,,,,,,,,,,,,,,,,,,,,,,,,,,,,,,,,,,,,1,,,,,,,,,,,,,,,,,,,,,,,,,,,,,,,,,,,,,,,,,,,,,,,,
,MSTR-009-0149600_d0001,,,,,,,,,,,,,,,,,,,,,,,,,,,,,,,,,,,,,,,,,,,,,,,,,,,,,,,,,,,,,,,,,,,,,,,,,,,,,,,,,,,,,,,,,,関連表1_A(コントロール)_XR2.xlsx,,,,,,YES,,,,,,,,,"axle: awd, epkb: w, rr brake unit: -",,,,,,,,,,,,,,,,,,,,,,,,,,,1,*,,,,,,,,,,,,,,,,,,,,,,,,,,,,,,,,,,,,,,,,,,,,,
,MSTR-009-0149600_d0002,,,,,,,,,,,,,,,,,,,,,,,,,,,,,,,,,,,,,,,,,,,,,,,,,,,,,,,,,,,,,,,,,,,,,,,,,,,,,,,,,,,,,,,,,,関連表1_A(コントロール)_XR2.xlsx,,,,,,YES,,,,,,,,,"axle: 2wd, epkb: w, rr brake unit: -",,,,,,,,,,,,,,,,,,,,,,,,,,1,,,,,,,,,,,,,,,,,,,,,,,,,,,,,,,,,,,,,,,,,,,,,,,
,MSTR-009-0149600_d0003,,,,,,,,,,,,,,,,,,,,,,,,,,,,,,,,,,,,,,,,,,,,,,,,,,,,,,,,,,,,,,,,,,,,,,,,,,,,,,,,,,,,,,,,,,関連表1_A(コントロール)_XR2.xlsx,,,,,,YES,,,,,,,,,"axle: awd, epkb: w, rr brake unit: -",,,,,,,,,,,,,,,,,,,,,,,,1,*,,,,,,,,,,,,,,,,,,,,,,,,,,,,,,,,,,,,,,,,,,,,,,,,
,MSTR-009-0149600_d0004,,,,,,,,,,,,,,,,,,,,,,,,,,,,,,,,,,,,,,,,,,,,,,,,,,,,,,,,,,,,,,,,,,,,,,,,,,,,,,,,,,,,,,,,,,関連表1_A(コントロール)_XR2.xlsx,,,,,,YES,,,,,,,,,"axle: 2wd, epkb: w, rr brake unit: -",,,,,,,,,,,,,,,,,,,,,,,1,,,,,,,,,,,,,,,,,,,,,,,,,,,,,,,,,,,,,,,,,,,,,,,,,,
,MSTR-009-0149700,,,,,,,,,,,,,,,,,,,,,,,,,,,,,,,,,,,,,,,,,,,,,,,,,,,,,,,,,,,,,,,,,,,,,,,,,,,,,,,,,,,,,,,,,,関連表1_A(コントロール)_XR2.xlsx,,,,,,YES,,,,,,,,,"axle: awd, epkb: w, rr brake unit: -",,,,,,,,,,,,,,,,,,,,,,,,,,,1,*,,,,,,,,,,,,,,,,,,,,,,,,,,,,,,,,,,,,,,,,,,,,,
,MSTR-009-0149700_d0001,,,,,,,,,,,,,,,,,,,,,,,,,,,,,,,,,,,,,,,,,,,,,,,,,,,,,,,,,,,,,,,,,,,,,,,,,関連表1_A(コントロール)_XR2.xlsx,,,,,,YES,,,,,,,,,,"axle: awd, epkb: w, rr brake unit: -",,,,,,,,,,,,,,,,,,,,,,,,,,,,,,,,,,,,,,,,,1,,,,,,,,,,,,,,,,,,,,,,,,,,,,,,,,,,,,,,,,,,,,,,,,
,MSTR-009-0149700_d0002,,,,,,,,,,,,,,,,,,,,,,,,,,,,,,,,,,,,,,,,,,,,,,,,,,,,,,,,,,,,,,,,,,,,,,,,,,,,,,,,,,,,,,,,,,関連表1_A(コントロール)_XR2.xlsx,,,,,,YES,,,,,,,,,"axle: 2wd, epkb: w, rr brake unit: -",,,,,,,,,,,,,,,,,,,,,,,,,,1,,,,,,,,,,,,,,,,,,,,,,,,,,,,,,,,,,,,,,,,,,,,,,,
,MSTR-009-0149700_d0003,,,,,,,,,,,,,,,,,,,,,,,,,,,,,,,,,,,,,,,,,,,,,,,,,,,,,,,,,,,,,,,,,,,,,,,,,,,,,,,,,,,,,,,,,,関連表1_A(コントロール)_XR2.xlsx,,,,,,YES,,,,,,,,,"axle: awd, epkb: w, rr brake unit: -",,,,,,,,,,,,,,,,,,,,,,,,1,*,,,,,,,,,,,,,,,,,,,,,,,,,,,,,,,,,,,,,,,,,,,,,,,,
,MSTR-009-0149700_d0004,,,,,,,,,,,,,,,,,,,,,,,,,,,,,,,,,,,,,,,,,,,,,,,,,,,,,,,,,,,,,,,,,,,,,,,,,,,,,,,,,,,,,,,,,,関連表1_A(コントロール)_XR2.xlsx,,,,,,YES,,,,,,,,,"axle: 2wd, epkb: w, rr brake unit: -",,,,,,,,,,,,,,,,,,,,,,,1,,,,,,,,,,,,,,,,,,,,,,,,,,,,,,,,,,,,,,,,,,,,,,,,,,
,MSTR-009-0149800,,,,,,,,,,,,,,,,,,,,,,,,,,,,,,,,,,,,,,,,,,,,,,,,,,,,,,,,,,,,,,,,,,,,,,,,,関連表1_A(コントロール)_XR2.xlsx,,,,,,YES,,,,,,,,,,"axle: awd, epkb: w, rr brake unit: -",,,,,,,,,,,,,,,,,,,,,,,,,,,,,,,,,,,,,,,,,1,,,,,,,,,,,,,,,,,,,,,,,,,,,,,,,,,,,,,,,,,,,,,,,,
,MSTR-009-0149800_d0001,,,,,,,,,,,,,,,,,,,,,,,,,,,,,,,,,,,,,,,,,,,,,,,,,,,,,,,,,,,,,,,,,,,,,,,,,,,,,,,,,,,,,,,,,,関連表1_A(コントロール)_XR2.xlsx,,,,,,YES,,,,,,,,,"axle: awd, epkb: w, rr brake unit: -",YES,,,,,,,,,"axle: awd, epkb: w, rr brake unit: -",,,,,,,,,,,,,,,,,1,*,,,,,,,,,,,,,,,,,,,,,,,,,,,,,,,,,,,,,,,,,,,,,
,MSTR-009-0149800_d0002,,,,,,,,,,,,,,,,,,,,,,,,,,,,,,,,,,,,,,,,,,,,,,,,,,,,,,,,,,,,,,,,,,,,,,,,,,,,,,,,,,,,,,,,,,関連表1_A(コントロール)_XR2.xlsx,,,,,,YES,,,,,,,,,"axle: 2wd, epkb: w, rr brake unit: -",YES,,,,,,,,,"axle: 2wd, epkb: w, rr brake unit: -",,,,,,,,,,,,,,,,1,,,,,,,,,,,,,,,,,,,,,,,,,,,,,,,,,,,,,,,,,,,,,,,
,MSTR-009-0149800_d0003,,,,,,,,,,,,,,,,,,,,,,,,,,,,,,,,,,,,,,,,,,,,,,,,,,,,,,,,,,,,,,,,,,,,,,,,,,,,,,,,,,,,,,,,,,関連表1_A(コントロール)_XR2.xlsx,,,,,,YES,,,,,,,,,"axle: awd, epkb: w, rr brake unit: -",YES,,,,,,,,,"axle: awd, epkb: w, rr brake unit: -",,,,,,,,,,,,,,1,*,,,,,,,,,,,,,,,,,,,,,,,,,,,,,,,,,,,,,,,,,,,,,,,,
,MSTR-009-0149800_d0004,,,,,,,,,,,,,,,,,,,,,,,,,,,,,,,,,,,,,,,,,,,,,,,,,,,,,,,,,,,,,,,,,,,,,,,,,,,,,,,,,,,,,,,,,,関連表1_A(コントロール)_XR2.xlsx,,,,,,YES,,,,,,,,,"axle: 2wd, epkb: w, rr brake unit: -",YES,,,,,,,,,"axle: 2wd, epkb: w, rr brake unit: -",,,,,,,,,,,,,1,,,,,,,,,,,,,,,,,,,,,,,,,,,,,,,,,,,,,,,,,,,,,,,,,,
,MSTR-013-0468700,,,,,,,,,,,,,,,,,,,,,,,,,,,,,,,,,,,,,,,,,,,,,,,,,,,,,,,,,,,,,,,,,,,,,,,,,,,,,,,,,,,,,,,,,,関連表1_I(HF-VR-ETC)_XM6.xlsx,,,,,,YES,,,,,,,,,"handle: lhd, audio system: ccs2.0 gas",YES,,,,,,,,,"handle: lhd, audio system: ccs2.0 gas",,,,,,,,,,,,,1,*,*,*,*,*,,,,,,,,,,,,,,,,,,,,,,,,,,,,,,,,,,,,,,,,,,,,,
,MSTR-013-0468800,,,,,,,,,,,,,,,,,,,,,,,,,,,,,,,,,,,,,,,,,,,,,,,,,,,,,,,,,,,,,,,,,,,,,,,,,,,,,,,,,,,,,,,,,,関連表1_I(HF-VR-ETC)_XM6.xlsx,,,,,,YES,,,,,,,,,"handle: lhd, audio system: ccs2.0 gas",YES,,,,,,,,,"handle: lhd, audio system: ccs2.0 gas",,,,,,,,,,,,,1,*,*,*,*,*,,,,,,,,,,,,,,,,,,,,,,,,,,,,,,,,,,,,,,,,,,,,,
,MSTR-013-0468900,,,,,,,,,,,,,,,,,,,,,,,,,,,,,,,,,,,,,,,,,,,,,,,,,,,,,,,,,,,,,,,,,,,,,,,,,,,,,,,,,,,,,,,,,,関連表1_I(HF-VR-ETC)_XM6.xlsx,,,,,,YES,,,,,,,,,"handle: lhd, audio system: ccs2.0 gas",YES,,,,,,,,,"handle: lhd, audio system: ccs2.0 gas",,,,,,,,,,,,,1,*,*,*,*,*,,,,,,,,,,,,,,,,,,,,,,,,,,,,,,,,,,,,,,,,,,,,,
,MSTR-013-0469000,,,,,,,,,,,,,,,,,,,,,,,,,,,,,,,,,,,,,,,,,,,,,,,,,,,,,,,,,,,,,,,,,,,,,,,,,,,,,,,,,,,,,,,,,,関連表1_I(HF-VR-ETC)_XM6.xlsx,,,,,,YES,,,,,,,,,"handle: lhd, audio system: ccs2.0 gas",YES,,,,,,,,,"handle: lhd, audio system: ccs2.0 gas",,,,,,,,,,,,,1,*,*,*,*,*,,,,,,,,,,,,,,,,,,,,,,,,,,,,,,,,,,,,,,,,,,,,,
,MSTR-013-0469100,,,,,,,,,,,,,,,,,,,,,,,,,,,,,,,,,,,,,,,,,,,,,,,,,,,,,,,,,,,,,,,,,,,,,,,,,,,,,,,,,,,,,,,,,,関連表1_I(HF-VR-ETC)_XM6.xlsx,,,,,,YES,,,,,,,,,"handle: lhd, audio system: ccs2.0 gas",YES,,,,,,,,,"handle: lhd, audio system: ccs2.0 gas",,,,,,,,,,,,,1,*,*,*,*,*,,,,,,,,,,,,,,,,,,,,,,,,,,,,,,,,,,,,,,,,,,,,,
,MSTR-013-0469200,,,,,,,,,,,,,,,,,,,,,,,,,,,,,,,,,,,,,,,,,,,,,,,,,,,,,,,,,,,,,,,,,,,,,,,,,,,,,,,,,,,,,,,,,,関連表1_I(HF-VR-ETC)_XM6.xlsx,,,,,,YES,,,,,,,,,"handle: lhd, audio system: ccs2.0 gas",YES,,,,,,,,,"handle: lhd, audio system: ccs2.0 gas",,,,,,,,,,,,,1,*,*,*,*,*,,,,,,,,,,,,,,,,,,,,,,,,,,,,,,,,,,,,,,,,,,,,,
,MSTR-013-0470200,,,,,,,,,,,,,,,,,,,,,,,,,,,,,,,,,,,,,,,,,,,,,,,,,,,,,,,,,,,,,,,,,,,,,,,,,,,,,,,,,,,,,,,,,,関連表1_I(HF-VR-ETC)_XM6.xlsx,,,,,,YES,,,,,,,,,audio system: ccs2.0 gas,YES,,,,,,,,,audio system: ccs2.0 gas,,,,,,,,,,,,,1,*,*,*,*,*,,,,,,,,,,,,,,,,,,,,,,,,,,,,,,,,,,,,,,,,,,,,,
,MSTR-013-0470600,,,,,,,,,,,,,,,,,,,,,,,,,,,,,,,,,,,,,,,,,,,,,,,,,,,,,,,,,,,,,,,,,,,,,,,,,,,,,,,,,,,,,,,,,,関連表1_I(HF-VR-ETC)_XM6.xlsx,,,,,,YES,,,,,,,,,,YES,,,,,,,,,,,,,,,,,,,,,,,,,,,,要望仕様が存在しない,"grade: (nan, グレード選択:最上級)",,,,,,,,,,,,,,,,,,,,,,,,,,,,,,,,,,,,,,,,,,,
,MSTR-013-0470700,,,,,,,,,,,,,,,,,,,,,,,,,,,,,,,,,,,,,,,,,,,,,,,,,,,,,,,,,,,,,,,,,,,,,,,,,,,,,,,,,,,,,,,,,,関連表1_I(HF-VR-ETC)_XM6.xlsx,,,,,,YES,,,,,,,,,audio system: ccs2.0 gas,YES,,,,,,,,,audio system: ccs2.0 gas,,,,,,,,,,,,,1,*,*,*,*,*,,,,,,,,,,,,,,,,,,,,,,,,,,,,,,,,,,,,,,,,,,,,,
,MSTR-013-0470800,,,,,,,,,,,,,,,,,,,,,,,,,,,,,,,,,,,,,,,,,,,,,,,,,,,,,,,,,,,,,,,,,,,,,,,,,,,,,,,,,,,,,,,,,,関連表1_I(HF-VR-ETC)_XM6.xlsx,,,,,,YES,,,,,,,,,audio system: ccs2.0 gas,YES,,,,,,,,,audio system: ccs2.0 gas,,,,,,,,,,,,,1,*,*,*,*,*,,,,,,,,,,,,,,,,,,,,,,,,,,,,,,,,,,,,,,,,,,,,,
,MSTR-013-0470900,,,,,,,,,,,,,,,,,,,,,,,,,,,,,,,,,,,,,,,,,,,,,,,,,,,,,,,,,,,,,,,,,,,,,,,,,,,,,,,,,,,,,,,,,,関連表1_I(HF-VR-ETC)_XM6.xlsx,,,,,,YES,,,,,,,,,audio system: ccs2.0 gas,YES,,,,,,,,,audio system: ccs2.0 gas,,,,,,,,,,,,,1,*,*,*,*,*,,,,,,,,,,,,,,,,,,,,,,,,,,,,,,,,,,,,,,,,,,,,,
,MSTR-013-0471000,,,,,,,,,,,,,,,,,,,,,,,,,,,,,,,,,,,,,,,,,,,,,,,,,,,,,,,,,,,,,,,,,,,,,,,,,,,,,,,,,,,,,,,,,,関連表1_I(HF-VR-ETC)_XM6.xlsx,,,,,,YES,,,,,,,,,audio system: ccs2.0 gas,YES,,,,,,,,,audio system: ccs2.0 gas,,,,,,,,,,,,,1,*,*,*,*,*,,,,,,,,,,,,,,,,,,,,,,,,,,,,,,,,,,,,,,,,,,,,,
,MSTR-013-0471500,,,,,,,,,,,,,,,,,,,,,,,,,,,,,,,,,,,,,,,,,,,,,,,,,,,,,,,,,,,,,,,,,,,,,,,,,,,,,,,,,,,,,,,,,,関連表1_I(HF-VR-ETC)_XM6.xlsx,,,,,,YES,,,,,,,,,audio system: ccs2.0 gas,YES,,,,,,,,,audio system: ccs2.0 gas,,,,,,,,,,,,,1,*,*,*,*,*,,,,,,,,,,,,,,,,,,,,,,,,,,,,,,,,,,,,,,,,,,,,,
,MSTR-013-0471600,,,,,,,,,,,,,,,,,,,,,,,,,,,,,,,,,,,,,,,,,,,,,,,,,,,,,,,,,,,,,,,,,,,,,,,,,,,,,,,,,,,,,,,,,,関連表1_I(HF-VR-ETC)_XM6.xlsx,,,,,,YES,,,,,,,,,audio system: ccs2.0 gas,YES,,,,,,,,,audio system: ccs2.0 gas,,,,,,,,,,,,,1,*,*,*,*,*,,,,,,,,,,,,,,,,,,,,,,,,,,,,,,,,,,,,,,,,,,,,,
,MSTR-013-0471700,,,,,,,,,,,,,,,,,,,,,,,,,,,,,,,,,,,,,,,,,,,,,,,,,,,,,,,,,,,,,,,,,,,,,,,,,,,,,,,,,,,,,,,,,,関連表1_I(HF-VR-ETC)_XM6.xlsx,,,,,,YES,,,,,,,,,audio system: ccs2.0 gas,,,,,,,,,,,,,,,,,,,,,,,1,*,*,*,*,*,,,,,,,,,,,,,,,,,,,,,,,,,,,,,,,,,,,,,,,,,,,,,
,MSTR-013-0471800,,,,,,,,,,,,,,,,,,,,,,,,,,,,,,,,,,,,,,,,,,,,,,,,,,,,,,,,,,,,,,,,,,,,,,,,,,,,,,,,,,,,,,,,,,関連表1_I(HF-VR-ETC)_XM6.xlsx,,,,,,YES,,,,,,,,,"handle: lhd, audio system: ccs2.0 gas",YES,,,,,,,,,"handle: lhd, audio system: ccs2.0 gas",,,,,,,,,,,,,1,*,*,*,*,*,,,,,,,,,,,,,,,,,,,,,,,,,,,,,,,,,,,,,,,,,,,,,
,MSTR-013-0472200,,,,,,,,,,,,,,,,,,,,,,,,,,,,,,,,,,,,,,,,,,,,,,,,,,,,,,,,,,,,,,,,,,,,,,,,,,,,,,,,,,,,,,,,,,関連表1_I(HF-VR-ETC)_XM6.xlsx,,,,,,YES,,,,,,,,,audio system: ccs2.0 gas,YES,,,,,,,,,audio system: ccs2.0 gas,,,,,,,,,,,,,1,*,*,*,*,*,,,,,,,,,,,,,,,,,,,,,,,,,,,,,,,,,,,,,,,,,,,,,
,MSTR-013-0472300,,,,,,,,,,,,,,,,,,,,,,,,,,,,,,,,,,,,,,,,,,,,,,,,,,,,,,,,,,,,,,,,,,,,,,,,,,,,,,,,,,,,,,,,,,関連表1_I(HF-VR-ETC)_XM6.xlsx,,,,,,YES,,,,,,,,,audio system: ccs2.0 gas,YES,,,,,,,,,audio system: ccs2.0 gas,,,,,,,,,,,,,1,*,*,*,*,*,,,,,,,,,,,,,,,,,,,,,,,,,,,,,,,,,,,,,,,,,,,,,
,MSTR-013-0472600,,,,,,,,,,,,,,,,,,,,,,,,,,,,,,,,,,,,,,,,,,,,,,,,,,,,,,,,,,,,,,,,,,,,,,,,,,,,,,,,,,,,,,,,,,関連表1_I(HF-VR-ETC)_XM6.xlsx,,,,,,YES,,,,,,,,,,YES,,,,,,,,,,,,,,,,,,,,,,,,,,,,要望仕様が存在しない,"単相(ac1): ac1, 三相(ac3): ac3",,,,,,,,,,,,,,,,,,,,,,,,,,,,,,,,,,,,,,,,,,,
,MSTR-013-0472700,,,,,,,,,,,,,,,,,,,,,,,,,,,,,,,,,,,,,,,,,,,,,,,,,,,,,,,,,,,,,,,,,,,,,,,,,,,,,,,,,,,,,,,,,,関連表1_I(HF-VR-ETC)_XM6.xlsx,,,,,,YES,,,,,,,,,,YES,,,,,,,,,,,,,,,,,,,,,,,,,,,,要望仕様が存在しない,"単相(ac1): ac1, 三相(ac3): ac3",,,,,,,,,,,,,,,,,,,,,,,,,,,,,,,,,,,,,,,,,,,
,MSTR-013-0472800,,,,,,,,,,,,,,,,,,,,,,,,,,,,,,,,,,,,,,,,,,,,,,,,,,,,,,,,,,,,,,,,,,,,,,,,,,,,,,,,,,,,,,,,,,関連表1_I(HF-VR-ETC)_XM6.xlsx,,,,,,YES,,,,,,,,,,YES,,,,,,,,,,,,,,,,,,,,,,,,,,,,要望仕様が存在しない,"単相(ac1): ac1, 三相(ac3): ac3",,,,,,,,,,,,,,,,,,,,,,,,,,,,,,,,,,,,,,,,,,,
,MSTR-013-0472900,,,,,,,,,,,,,,,,,,,,,,,,,,,,,,,,,,,,,,,,,,,,,,,,,,,,,,,,,,,,,,,,,,,,,,,,,,,,,,,,,,,,,,,,,,関連表1_I(HF-VR-ETC)_XM6.xlsx,,,,,,YES,,,,,,,,,,YES,,,,,,,,,,,,,,,,,,,,,,,,,,,,要望仕様が存在しない,"単相(ac1): ac1, 三相(ac3): ac3",,,,,,,,,,,,,,,,,,,,,,,,,,,,,,,,,,,,,,,,,,,
,MSTR-013-0473000,,,,,,,,,,,,,,,,,,,,,,,,,,,,,,,,,,,,,,,,,,,,,,,,,,,,,,,,,,,,,,,,,,,,,,,,,,,,,,,,,,,,,,,,,,関連表1_I(HF-VR-ETC)_XM6.xlsx,,,,,,YES,,,,,,,,,,YES,,,,,,,,,,,,,,,,,,,,,,,,,,,,要望仕様が存在しない,"単相(ac1): ac1, 三相(ac3): ac3",,,,,,,,,,,,,,,,,,,,,,,,,,,,,,,,,,,,,,,,,,,
